12:32:53:870 Connecting... Type 0
12:32:56:414 Tx: #00030000000185DB
12:34:41:629 Connecting... Type 0
12:34:41:662 Tx: #00030000000185DB
12:37:34:494 Connecting... Type 0
12:37:34:617 Tx: #00030000000185DB
12:38:05:559 Connecting... Type 0
12:38:05:595 Tx: #00030000000185DB
12:38:05:618 Rx: #0003020F07C1B6
12:38:05:625 Tx: #000300010001D41B
12:38:05:650 Rx: #00030200FD4405
12:38:05:759 Tx: #00030022000125D1
12:38:05:778 Rx: #0003020014858B
12:38:05:886 Tx: #000300040001C41A
12:38:05:907 Rx: #00030200008584
12:38:06:014 Tx: #00030011001015D2
12:38:06:046 Rx: #000320000000000001000A00000001000601F600FF00FF00FF0000000A000000010001CD5E
12:38:06:157 Tx: #0003006400400434
12:38:06:206 Rx: #000380FFFFFFFFFFFFFFFFFFFFFFFFFFFFFFFFFFFFFFFFFFFFFFFFFFFFFFFFFFFFFFFFFFFFFFFFFFFFFFFFFFFFFFFFFFFFFFFFFFFFFFFFFFFFFFFFFFFFFFFFFFFFFFFFFFFFFFFFFFFFFFFFFFFFFFFFFFFFFFFFFFFFFFFFFFFFFFFFFFFFFFFFFFFFFFFFFFFFFFFFFFFFFFFFFFFFFFFFFFFFFFFFFFFFFFFFFFFFFFFFFFFFFFFFFFFFFFFF2311
12:38:06:855 Tx: #00030006000225DB
12:38:06:874 Rx: #000304000200004B33
12:38:06:881 Tx: #0003006400400434
12:38:06:931 Rx: #000380FFFFFFFFFFFFFFFFFFFFFFFFFFFFFFFFFFFFFFFFFFFFFFFFFFFFFFFFFFFFFFFFFFFFFFFFFFFFFFFFFFFFFFFFFFFFFFFFFFFFFFFFFFFFFFFFFFFFFFFFFFFFFFFFFFFFFFFFFFFFFFFFFFFFFFFFFFFFFFFFFFFFFFFFFFFFFFFFFFFFFFFFFFFFFFFFFFFFFFFFFFFFFFFFFFFFFFFFFFFFFFFFFFFFFFFFFFFFFFFFFFFFFFFFFFFFFFFF2311
12:38:07:053 Tx: #00034E2000019339
12:38:07:072 Rx: #00030200008584
12:38:07:395 Tx: #00030006000225DB
12:38:07:408 Rx: #000304000200004B33
12:38:07:415 Tx: #00034E2000019339
12:38:07:439 Rx: #00030200008584
12:38:07:952 Tx: #00030006000225DB
12:38:07:968 Rx: #000304000200004B33
12:38:07:975 Tx: #00034E2000019339
12:38:07:999 Rx: #00030200008584
12:38:08:510 Tx: #00030006000225DB
12:38:08:527 Rx: #000304000200004B33
12:38:08:533 Tx: #00034E2000019339
12:38:08:544 Rx: #00030200008584
12:38:09:049 Tx: #00030006000225DB
12:38:09:071 Rx: #000304000200004B33
12:38:09:077 Tx: #00034E2000019339
12:38:09:086 Rx: #00030200008584
12:38:09:589 Tx: #00030006000225DB
12:38:09:598 Rx: #000304000200004B33
12:38:09:604 Tx: #00034E2000019339
12:38:09:614 Rx: #00030200008584
12:38:10:127 Tx: #00030006000225DB
12:38:10:143 Rx: #000304000200004B33
12:38:10:149 Tx: #00034E2000019339
12:38:10:175 Rx: #00030200008584
12:38:10:684 Tx: #00030006000225DB
12:38:10:704 Rx: #000304000200004B33
12:38:10:710 Tx: #00034E2000019339
12:38:10:735 Rx: #00030200008584
12:38:11:237 Tx: #00030006000225DB
12:38:11:246 Rx: #000304000200004B33
12:38:11:252 Tx: #00034E2000019339
12:38:11:262 Rx: #00030200008584
12:38:11:777 Tx: #00030006000225DB
12:38:11:790 Rx: #000304000200004B33
12:38:11:806 Tx: #00034E2000019339
12:38:11:822 Rx: #00030200008584
12:38:12:330 Tx: #00030006000225DB
12:38:12:350 Rx: #000304000200004B33
12:38:12:356 Tx: #00034E2000019339
12:38:12:366 Rx: #00030200008584
12:38:12:871 Tx: #00030006000225DB
12:38:12:894 Rx: #000304000200004B33
12:38:12:900 Tx: #00034E2000019339
12:38:12:910 Rx: #00030200008584
12:38:13:410 Tx: #00030006000225DB
12:38:13:421 Rx: #000304000200004B33
12:38:13:427 Tx: #00034E2000019339
12:38:13:437 Rx: #00030200008584
12:38:13:948 Tx: #00030006000225DB
12:38:13:966 Rx: #000304000200004B33
12:38:13:973 Tx: #00034E2000019339
12:38:13:997 Rx: #00030200008584
12:38:14:458 Tx: #00030006000225DB
12:38:14:500 Rx: #000304000200004B33
12:38:14:508 Tx: #00034E2000019339
12:38:14:525 Rx: #00030200008584
12:38:14:976 Tx: #00030006000225DB
12:38:15:005 Rx: #000304000200004B33
12:38:15:012 Tx: #00034E2000019339
12:38:15:021 Rx: #00030200008584
12:38:15:529 Tx: #00030006000225DB
12:38:15:581 Rx: #000304000200004B33
12:38:15:592 Tx: #00034E2000019339
12:38:15:617 Rx: #00030200008584
12:38:16:048 Tx: #00030006000225DB
12:38:16:093 Rx: #000304000200004B33
12:38:17:320 Tx: #00034E2000019339
12:38:18:572 Rx: #00030200008584
12:38:18:642 Tx: #00030006000225DB
12:38:18:667 Rx: #000304000200004B33
12:38:18:677 Tx: #00034E2000019339
12:38:18:707 Rx: #00030200008584
12:38:19:150 Tx: #00030006000225DB
12:38:19:165 Rx: #000304000200004B33
12:38:19:787 Tx: #00034E2000019339
12:38:19:804 Rx: #00030200008584
12:38:19:888 Tx: #00030006000225DB
12:38:19:915 Rx: #000304000200004B33
12:38:19:924 Tx: #00034E2000019339
12:38:19:947 Rx: #00030200008584
12:38:20:390 Tx: #00030006000225DB
12:38:20:411 Rx: #000304000200004B33
12:38:20:419 Tx: #00034E2000019339
12:38:20:443 Rx: #00030200008584
12:38:20:896 Tx: #00030006000225DB
12:38:20:922 Rx: #000304000200004B33
12:38:20:934 Tx: #00034E2000019339
12:38:20:955 Rx: #00030200008584
12:38:21:456 Tx: #00030006000225DB
12:38:21:483 Rx: #000304000200004B33
12:38:21:496 Tx: #00034E2000019339
12:38:21:515 Rx: #00030200008584
12:38:21:957 Tx: #00030006000225DB
12:38:21:979 Rx: #000304000200004B33
12:38:21:986 Tx: #00034E2000019339
12:38:22:010 Rx: #00030200008584
12:38:22:459 Tx: #00030006000225DB
12:38:22:474 Rx: #000304000200004B33
12:38:22:485 Tx: #00034E2000019339
12:38:22:509 Rx: #00030200008584
12:38:23:182 Tx: #00030006000225DB
12:38:23:210 Rx: #000304000200004B33
12:38:23:218 Tx: #00034E2000019339
12:38:23:242 Rx: #00030200008584
12:38:23:688 Tx: #00030006000225DB
12:38:23:706 Rx: #000304000200004B33
12:38:23:717 Tx: #00034E2000019339
12:38:23:738 Rx: #00030200008584
12:38:24:251 Tx: #00030006000225DB
12:38:24:282 Rx: #000304000200004B33
12:38:24:293 Tx: #00034E2000019339
12:38:24:314 Rx: #00030200008584
12:38:24:756 Tx: #00030006000225DB
12:38:24:793 Rx: #000304000200004B33
12:38:24:803 Tx: #00034E2000019339
12:38:24:825 Rx: #00030200008584
12:38:25:265 Tx: #00030006000225DB
12:38:25:289 Rx: #000304000200004B33
12:38:25:298 Tx: #00034E2000019339
12:38:25:324 Rx: #00030200008584
12:38:25:782 Tx: #00030006000225DB
12:38:25:817 Rx: #000304000200004B33
12:38:25:826 Tx: #00034E2000019339
12:38:25:848 Rx: #00030200008584
12:38:26:286 Tx: #00030006000225DB
12:38:26:296 Rx: #000304000200004B33
12:38:26:304 Tx: #00034E2000019339
12:38:26:328 Rx: #00030200008584
12:38:26:834 Tx: #00030006000225DB
12:38:26:856 Rx: #000304000200004B33
12:38:26:863 Tx: #00034E2000019339
12:38:26:888 Rx: #00030200008584
12:38:27:335 Tx: #00030006000225DB
12:38:27:352 Rx: #000304000200004B33
12:38:27:358 Tx: #00034E2000019339
12:38:27:384 Rx: #00030200008584
12:38:27:883 Tx: #00030006000225DB
12:38:27:896 Rx: #000304000200004B33
12:38:27:903 Tx: #00034E2000019339
12:38:27:928 Rx: #00030200008584
12:38:28:433 Tx: #00030006000225DB
12:38:28:455 Rx: #000304000200004B33
12:38:28:462 Tx: #00034E2000019339
12:38:28:488 Rx: #00030200008584
12:38:28:938 Tx: #00030006000225DB
12:38:28:951 Rx: #000304000200004B33
12:38:28:958 Tx: #00034E2000019339
12:38:28:983 Rx: #00030200008584
12:38:29:485 Tx: #00030006000225DB
12:38:29:495 Rx: #000304000200004B33
12:38:29:502 Tx: #00034E2000019339
12:38:29:527 Rx: #00030200008584
12:38:30:035 Tx: #00030006000225DB
12:38:30:055 Rx: #000304000200004B33
12:38:30:061 Tx: #00034E2000019339
12:38:30:086 Rx: #00030200008584
12:38:30:583 Tx: #00030006000225DB
12:38:30:598 Rx: #000304000200004B33
12:38:30:606 Tx: #00034E2000019339
12:38:30:630 Rx: #00030200008584
12:38:31:135 Tx: #00030006000225DB
12:38:31:159 Rx: #000304000200004B33
12:38:31:165 Tx: #00034E2000019339
12:38:31:190 Rx: #00030200008584
12:38:31:636 Tx: #00030006000225DB
12:38:31:654 Rx: #000304000200004B33
12:38:31:661 Tx: #00034E2000019339
12:38:31:686 Rx: #00030200008584
12:38:32:188 Tx: #00030006000225DB
12:38:32:198 Rx: #000304000200004B33
12:38:32:204 Tx: #00034E2000019339
12:38:32:230 Rx: #00030200008584
12:38:32:736 Tx: #00030006000225DB
12:38:32:759 Rx: #000304000200004B33
12:38:32:765 Tx: #00034E2000019339
12:38:32:790 Rx: #00030200008584
12:38:33:237 Tx: #00030006000225DB
12:38:33:253 Rx: #000304000200004B33
12:38:33:261 Tx: #00034E2000019339
12:38:33:270 Rx: #00030200008584
12:38:33:521 Tx: #000300010001D41B
12:38:33:541 Rx: #00030200FD4405
12:38:33:647 Tx: #00030022000125D1
12:38:33:669 Rx: #0003020014858B
12:38:33:789 Tx: #000300040001C41A
12:38:33:813 Rx: #00030200008584
12:38:33:932 Tx: #00030011001015D2
12:38:33:963 Rx: #000320000000000001000A00000001000601F600FF00FF00FF0000000A000000010001CD5E
12:38:34:248 Tx: #00030006000225DB
12:38:34:266 Rx: #000304000200004B33
12:38:34:273 Tx: #00034E2000019339
12:38:34:283 Rx: #00030200008584
12:38:34:788 Tx: #00030006000225DB
12:38:34:810 Rx: #000304000200004B33
12:38:34:817 Tx: #00034E2000019339
12:38:34:842 Rx: #00030200008584
12:38:35:293 Tx: #00030006000225DB
12:38:35:307 Rx: #000304000200004B33
12:38:35:313 Tx: #00034E2000019339
12:38:35:338 Rx: #00030200008584
12:38:35:844 Tx: #00030006000225DB
12:38:35:865 Rx: #000304000200004B33
12:38:35:872 Tx: #00034E2000019339
12:38:35:898 Rx: #00030200008584
12:38:36:346 Tx: #00030006000225DB
12:38:36:362 Rx: #000304000200004B33
12:38:36:368 Tx: #00034E2000019339
12:38:36:394 Rx: #00030200008584
12:38:36:896 Tx: #00030006000225DB
12:38:36:906 Rx: #000304000200004B33
12:38:36:912 Tx: #00034E2000019339
12:38:36:937 Rx: #00030200008584
12:38:37:446 Tx: #00030006000225DB
12:38:37:465 Rx: #000304000200004B33
12:38:37:471 Tx: #00034E2000019339
12:38:37:481 Rx: #00030200008584
12:38:37:919 Tx: #0003006400400434
12:38:38:365 Rx: #000380FFFFFFFFFFFFFFFFFFFFFFFFFFFFFFFFFFFFFFFFFFFFFFFFFFFFFFFFFFFFFFFFFFFFFFFFFFFFFFFFFFFFFFFFFFFFFFFFFFFFFFFFFFFFFFFFFFFFFFFFFFFFFFFFFFFFFFFFFFFFFFFFFFFFFFFFFFFFFFFFFFFFFFFFFFFFFFFFFFFFFFFFFFFFFFFFFFFFFFFFFFFFFFFFFFFFFFFFFFFFFFFFFFFFFFFFFFFFFFFFFFFFFFFFFFFFFFFF2311
12:38:38:647 Tx: #00030006000225DB
12:38:38:664 Rx: #000304000200004B33
12:38:38:671 Tx: #00034E2000019339
12:38:38:680 Rx: #00030200008584
12:38:39:184 Tx: #00030006000225DB
12:38:39:208 Rx: #000304000200004B33
12:38:39:214 Tx: #00034E2000019339
12:38:39:240 Rx: #00030200008584
12:38:39:689 Tx: #00030006000225DB
12:38:39:705 Rx: #000304000200004B33
12:38:40:325 Tx: #00034E2000019339
12:38:40:345 Rx: #00030200008584
12:38:40:407 Tx: #00030006000225DB
12:38:40:424 Rx: #000304000200004B33
12:38:40:430 Tx: #00034E2000019339
12:38:40:456 Rx: #00030200008584
12:38:40:957 Tx: #00030006000225DB
12:38:40:968 Rx: #000304000200004B33
12:38:40:976 Tx: #00034E2000019339
12:38:41:000 Rx: #00030200008584
12:38:41:502 Tx: #00030006000225DB
12:38:41:512 Rx: #000304000200004B33
12:38:41:518 Tx: #00034E2000019339
12:38:41:544 Rx: #00030200008584
12:38:42:051 Tx: #00030006000225DB
12:38:42:072 Rx: #000304000200004B33
12:38:42:078 Tx: #00034E2000019339
12:38:42:087 Rx: #00030200008584
12:38:42:093 Rx: #00030200008584
12:38:42:099 Rx: #00030200008584
12:38:42:585 Tx: #00030006000225DB
12:38:42:600 Rx: #000304000200004B33
12:38:42:605 Tx: #00034E2000019339
12:38:42:631 Rx: #00030200008584
12:38:43:134 Tx: #00030006000225DB
12:38:43:143 Rx: #000304000200004B33
12:38:43:148 Rx: #000304000200004B33
12:38:43:149 Tx: #00034E2000019339
12:38:43:155 Rx: #000304000200004B33
12:38:43:175 Rx: #00030200008584
12:38:43:653 Tx: #00030006000225DB
12:38:43:672 Rx: #000304000200004B33
12:38:43:680 Tx: #00034E2000019339
12:38:43:703 Rx: #00030200008584
12:38:44:204 Tx: #00030006000225DB
12:38:44:215 Rx: #000304000200004B33
12:38:44:222 Tx: #00034E2000019339
12:38:44:247 Rx: #00030200008584
12:38:44:791 Tx: #00030006000225DB
12:38:45:082 Rx: #000304000200004B33
12:38:45:232 Tx: #00034E2000019339
12:38:45:272 Rx: #00030200008584
12:38:45:419 Tx: #00030006000225DB
12:38:45:546 Rx: #000304000200004B33
12:38:45:559 Tx: #00034E2000019339
12:38:45:574 Rx: #00030200008584
12:38:45:961 Tx: #00030006000225DB
12:38:45:991 Rx: #000304000200004B33
12:38:46:002 Tx: #00034E2000019339
12:38:46:022 Rx: #00030200008584
12:38:46:523 Tx: #00030006000225DB
12:38:46:534 Rx: #000304000200004B33
12:38:46:545 Tx: #00034E2000019339
12:38:46:566 Rx: #00030200008584
12:38:47:070 Tx: #00030006000225DB
12:38:47:094 Rx: #000304000200004B33
12:38:47:101 Tx: #00034E2000019339
12:38:47:126 Rx: #00030200008584
12:38:47:631 Tx: #00030006000225DB
12:38:47:654 Rx: #000304000200004B33
12:38:47:665 Tx: #00034E2000019339
12:38:47:686 Rx: #00030200008584
12:38:48:145 Tx: #00030006000225DB
12:38:48:166 Rx: #000304000200004B33
12:38:48:174 Tx: #00034E2000019339
12:38:48:198 Rx: #00030200008584
12:38:48:691 Tx: #00030006000225DB
12:38:48:709 Rx: #000304000200004B33
12:38:48:717 Tx: #00034E2000019339
12:38:48:742 Rx: #00030200008584
12:38:49:241 Tx: #00030006000225DB
12:38:49:253 Rx: #000304000200004B33
12:38:49:261 Tx: #00034E2000019339
12:38:49:285 Rx: #00030200008584
12:38:49:790 Tx: #00030006000225DB
12:38:49:813 Rx: #000304000200004B33
12:38:49:820 Tx: #00034E2000019339
12:38:49:845 Rx: #00030200008584
12:38:50:321 Tx: #00030006000225DB
12:38:50:341 Rx: #000304000200004B33
12:38:50:349 Tx: #00034E2000019339
12:38:50:373 Rx: #00030200008584
12:38:50:865 Tx: #00030006000225DB
12:38:50:884 Rx: #000304000200004B33
12:38:50:896 Tx: #00034E2000019339
12:38:50:916 Rx: #00030200008584
12:38:51:369 Tx: #00030006000225DB
12:38:51:381 Rx: #000304000200004B33
12:38:51:387 Tx: #00034E2000019339
12:38:51:412 Rx: #00030200008584
12:38:51:917 Tx: #00030006000225DB
12:38:51:940 Rx: #000304000200004B33
12:38:51:946 Tx: #00034E2000019339
12:38:51:971 Rx: #00030200008584
12:38:52:420 Tx: #00030006000225DB
12:38:52:436 Rx: #000304000200004B33
12:38:52:443 Tx: #00034E2000019339
12:38:52:468 Rx: #00030200008584
12:38:52:971 Tx: #00030006000225DB
12:38:52:983 Rx: #000304000200004B33
12:38:52:994 Tx: #00034E2000019339
12:38:53:014 Rx: #00030200008584
12:38:53:521 Tx: #00030006000225DB
12:38:53:540 Rx: #000304000200004B33
12:38:53:556 Tx: #00034E2000019339
12:38:53:571 Rx: #00030200008584
12:38:54:068 Tx: #00030006000225DB
12:38:54:083 Rx: #000304000200004B33
12:38:54:100 Tx: #00034E2000019339
12:38:54:115 Rx: #00030200008584
12:38:54:629 Tx: #00030006000225DB
12:38:54:661 Rx: #000304000200004B33
12:38:54:676 Tx: #00034E2000019339
12:38:54:696 Rx: #00030200008584
12:38:55:212 Tx: #00030006000225DB
12:38:55:284 Rx: #000304000200004B33
12:38:55:303 Tx: #00034E2000019339
12:38:55:378 Rx: #00030200008584
12:38:55:719 Tx: #00030006000225DB
12:38:55:732 Rx: #000304000200004B33
12:38:55:745 Tx: #00034E2000019339
12:38:55:763 Rx: #00030200008584
12:38:56:268 Tx: #00030006000225DB
12:38:56:290 Rx: #000304000200004B33
12:38:56:297 Tx: #00034E2000019339
12:38:56:323 Rx: #00030200008584
12:38:56:791 Tx: #00030006000225DB
12:38:56:834 Rx: #000304000200004B33
12:38:57:456 Tx: #00034E2000019339
12:38:57:474 Rx: #00030200008584
12:38:57:546 Tx: #00030006000225DB
12:38:57:570 Rx: #000304000200004B33
12:38:57:577 Tx: #00034E2000019339
12:38:57:603 Rx: #00030200008584
12:38:58:062 Tx: #00030006000225DB
12:38:58:082 Rx: #000304000200004B33
12:38:58:088 Tx: #00034E2000019339
12:38:58:114 Rx: #00030200008584
12:38:58:611 Tx: #00030006000225DB
12:38:58:626 Rx: #000304000200004B33
12:38:58:634 Tx: #00034E2000019339
12:38:58:658 Rx: #00030200008584
12:38:59:158 Tx: #00030006000225DB
12:38:59:184 Rx: #000304000200004B33
12:38:59:194 Tx: #00034E2000019339
12:38:59:217 Rx: #00030200008584
12:38:59:661 Tx: #00030006000225DB
12:38:59:681 Rx: #000304000200004B33
12:38:59:691 Tx: #00034E2000019339
12:38:59:714 Rx: #00030200008584
12:39:00:218 Tx: #00030006000225DB
12:39:00:242 Rx: #000304000200004B33
12:39:00:250 Tx: #00034E2000019339
12:39:00:273 Rx: #00030200008584
12:39:00:779 Tx: #00030006000225DB
12:39:00:801 Rx: #000304000200004B33
12:39:00:808 Tx: #00034E2000019339
12:39:00:833 Rx: #00030200008584
12:39:01:338 Tx: #00030006000225DB
12:39:01:361 Rx: #000304000200004B33
12:39:01:371 Tx: #00034E2000019339
12:39:01:393 Rx: #00030200008584
12:39:01:902 Tx: #00030006000225DB
12:39:01:921 Rx: #000304000200004B33
12:39:01:927 Tx: #00034E2000019339
12:39:01:952 Rx: #00030200008584
12:39:02:450 Tx: #00030006000225DB
12:39:02:465 Rx: #000304000200004B33
12:39:02:472 Tx: #00034E2000019339
12:39:02:496 Rx: #00030200008584
12:39:03:003 Tx: #00030006000225DB
12:39:03:023 Rx: #000304000200004B33
12:39:03:030 Tx: #00034E2000019339
12:39:03:056 Rx: #00030200008584
12:39:03:555 Tx: #00030006000225DB
12:39:03:569 Rx: #000304000200004B33
12:39:03:575 Tx: #00034E2000019339
12:39:03:600 Rx: #00030200008584
12:39:04:102 Tx: #00030006000225DB
12:39:04:128 Rx: #000304000200004B33
12:39:04:135 Tx: #00034E2000019339
12:39:04:159 Rx: #00030200008584
12:39:04:606 Tx: #00030006000225DB
12:39:04:623 Rx: #000304000200004B33
12:39:04:631 Tx: #00034E2000019339
12:39:04:655 Rx: #00030200008584
12:39:05:162 Tx: #00030006000225DB
12:39:05:184 Rx: #000304000200004B33
12:39:05:191 Tx: #00034E2000019339
12:39:05:215 Rx: #00030200008584
12:39:05:667 Tx: #00030006000225DB
12:39:05:679 Rx: #000304000200004B33
12:39:05:686 Tx: #00034E2000019339
12:39:05:711 Rx: #00030200008584
12:39:06:215 Tx: #00030006000225DB
12:39:06:238 Rx: #000304000200004B33
12:39:06:246 Tx: #00034E2000019339
12:39:06:271 Rx: #00030200008584
12:39:06:716 Tx: #00030006000225DB
12:39:06:734 Rx: #000304000200004B33
12:39:06:741 Tx: #00034E2000019339
12:39:06:766 Rx: #00030200008584
12:39:07:269 Tx: #00030006000225DB
12:39:07:294 Rx: #000304000200004B33
12:39:07:301 Tx: #00034E2000019339
12:39:07:326 Rx: #00030200008584
12:39:07:773 Tx: #00030006000225DB
12:39:07:791 Rx: #000304000200004B33
12:39:07:798 Tx: #00034E2000019339
12:39:07:822 Rx: #00030200008584
12:39:08:327 Tx: #00030006000225DB
12:39:08:351 Rx: #000304000200004B33
12:39:08:358 Tx: #00034E2000019339
12:39:08:382 Rx: #00030200008584
12:39:08:835 Tx: #00030006000225DB
12:39:08:846 Rx: #000304000200004B33
12:39:08:852 Tx: #00034E2000019339
12:39:08:878 Rx: #00030200008584
12:39:09:391 Tx: #00030006000225DB
12:39:09:405 Rx: #000304000200004B33
12:39:09:412 Tx: #00034E2000019339
12:39:09:437 Rx: #00030200008584
12:39:09:940 Tx: #00030006000225DB
12:39:09:950 Rx: #000304000200004B33
12:39:09:956 Rx: #000304000200004B33
12:39:09:957 Tx: #00034E2000019339
12:39:09:963 Rx: #000304000200004B33
12:39:09:982 Rx: #00030200008584
12:39:10:462 Tx: #00030006000225DB
12:39:10:477 Rx: #000304000200004B33
12:39:11:098 Tx: #00034E2000019339
12:39:11:117 Rx: #00030200008584
12:39:11:185 Tx: #00030006000225DB
12:39:11:220 Rx: #000304000200004B33
12:39:11:227 Tx: #00034E2000019339
12:39:11:245 Rx: #00030200008584
12:39:11:686 Tx: #00030006000225DB
12:39:11:709 Rx: #000304000200004B33
12:39:11:716 Tx: #00034E2000019339
12:39:11:741 Rx: #00030200008584
12:39:12:189 Tx: #00030006000225DB
12:39:12:204 Rx: #000304000200004B33
12:39:12:210 Tx: #00034E2000019339
12:39:12:221 Rx: #00030200008584
12:39:12:723 Tx: #00030006000225DB
12:39:12:732 Rx: #000304000200004B33
12:39:12:738 Tx: #00034E2000019339
12:39:12:764 Rx: #00030200008584
12:39:13:276 Tx: #00030006000225DB
12:39:13:292 Rx: #000304000200004B33
12:39:13:299 Tx: #00034E2000019339
12:39:13:325 Rx: #00030200008584
12:39:13:828 Tx: #00030006000225DB
12:39:13:852 Rx: #000304000200004B33
12:39:13:857 Tx: #00034E2000019339
12:39:13:868 Rx: #00030200008584
12:39:14:536 Tx: #00030006000225DB
12:39:14:555 Rx: #000304000200004B33
12:39:14:562 Tx: #00034E2000019339
12:39:14:571 Rx: #00030200008584
12:39:14:577 Rx: #00030200008584
12:39:14:583 Rx: #00030200008584
12:39:15:071 Tx: #00030006000225DB
12:39:15:083 Rx: #000304000200004B33
12:39:15:090 Tx: #00034E2000019339
12:39:15:100 Rx: #00030200008584
12:39:15:612 Tx: #00030006000225DB
12:39:15:627 Rx: #000304000200004B33
12:39:15:632 Tx: #00034E2000019339
12:39:15:643 Rx: #00030200008584
12:39:16:151 Tx: #00030006000225DB
12:39:16:171 Rx: #000304000200004B33
12:39:16:177 Tx: #00034E2000019339
12:39:16:187 Rx: #00030200008584
12:39:16:689 Tx: #00030006000225DB
12:39:16:699 Rx: #000304000200004B33
12:39:16:704 Tx: #00034E2000019339
12:39:16:715 Rx: #00030200008584
12:39:17:212 Tx: #00030006000225DB
12:39:17:226 Rx: #000304000200004B33
12:39:17:234 Tx: #00034E2000019339
12:39:17:258 Rx: #00030200008584
12:39:17:767 Tx: #00030006000225DB
12:39:17:786 Rx: #000304000200004B33
12:39:17:793 Tx: #00034E2000019339
12:39:17:818 Rx: #00030200008584
12:39:18:322 Tx: #00030006000225DB
12:39:18:346 Rx: #000304000200004B33
12:39:18:353 Tx: #00034E2000019339
12:39:18:378 Rx: #00030200008584
12:39:18:829 Tx: #00030006000225DB
12:39:18:842 Rx: #000304000200004B33
12:39:18:849 Tx: #00034E2000019339
12:39:18:874 Rx: #00030200008584
12:39:19:386 Tx: #00030006000225DB
12:39:19:402 Rx: #000304000200004B33
12:39:19:408 Tx: #00034E2000019339
12:39:19:433 Rx: #00030200008584
12:39:19:942 Tx: #00030006000225DB
12:39:19:961 Rx: #000304000200004B33
12:39:19:968 Tx: #00034E2000019339
12:39:19:993 Rx: #00030200008584
12:39:20:495 Tx: #00030006000225DB
12:39:20:506 Rx: #000304000200004B33
12:39:20:511 Tx: #00034E2000019339
12:39:20:521 Rx: #00030200008584
12:39:21:029 Tx: #00030006000225DB
12:39:21:050 Rx: #000304000200004B33
12:39:21:056 Tx: #00034E2000019339
12:39:21:081 Rx: #00030200008584
12:39:21:582 Tx: #00030006000225DB
12:39:21:593 Rx: #000304000200004B33
12:39:21:600 Tx: #00034E2000019339
12:39:21:625 Rx: #00030200008584
12:39:22:134 Tx: #00030006000225DB
12:39:22:153 Rx: #000304000200004B33
12:39:22:159 Tx: #00034E2000019339
12:39:22:184 Rx: #00030200008584
12:39:22:683 Tx: #00030006000225DB
12:39:22:697 Rx: #000304000200004B33
12:39:22:703 Tx: #00034E2000019339
12:39:22:728 Rx: #00030200008584
12:39:23:237 Tx: #00030006000225DB
12:39:23:257 Rx: #000304000200004B33
12:39:23:263 Tx: #00034E2000019339
12:39:23:288 Rx: #00030200008584
12:39:23:791 Tx: #00030006000225DB
12:39:23:800 Rx: #000304000200004B33
12:39:23:806 Tx: #00034E2000019339
12:39:23:832 Rx: #00030200008584
12:39:24:341 Tx: #00030006000225DB
12:39:24:360 Rx: #000304000200004B33
12:39:24:366 Tx: #00034E2000019339
12:39:24:376 Rx: #00030200008584
12:39:24:873 Tx: #00030006000225DB
12:39:24:888 Rx: #000304000200004B33
12:39:24:894 Tx: #00034E2000019339
12:39:24:920 Rx: #00030200008584
12:39:25:429 Tx: #00030006000225DB
12:39:25:448 Rx: #000304000200004B33
12:39:25:454 Tx: #00034E2000019339
12:39:25:464 Rx: #00030200008584
12:39:25:968 Tx: #00030006000225DB
12:39:25:992 Rx: #000304000200004B33
12:39:25:998 Tx: #00034E2000019339
12:39:26:008 Rx: #00030200008584
12:39:26:510 Tx: #00030006000225DB
12:39:26:519 Rx: #000304000200004B33
12:39:26:525 Tx: #00034E2000019339
12:39:26:535 Rx: #00030200008584
12:39:27:049 Tx: #00030006000225DB
12:39:27:062 Rx: #000304000200004B33
12:39:27:068 Tx: #00034E2000019339
12:39:27:079 Rx: #00030200008584
12:39:27:593 Tx: #00030006000225DB
12:39:27:606 Rx: #000304000200004B33
12:39:27:627 Tx: #00034E2000019339
12:39:27:652 Rx: #00030200008584
12:39:28:122 Tx: #00030006000225DB
12:39:28:135 Rx: #000304000200004B33
12:39:28:141 Tx: #00034E2000019339
12:39:28:151 Rx: #00030200008584
12:39:28:660 Tx: #00030006000225DB
12:39:28:678 Rx: #000304000200004B33
12:39:28:684 Tx: #00034E2000019339
12:39:28:694 Rx: #00030200008584
12:39:29:198 Tx: #00030006000225DB
12:39:29:222 Rx: #000304000200004B33
12:39:29:228 Tx: #00034E2000019339
12:39:29:239 Rx: #00030200008584
12:39:29:752 Tx: #00030006000225DB
12:39:29:766 Rx: #000304000200004B33
12:39:29:772 Tx: #00034E2000019339
12:39:29:782 Rx: #00030200008584
12:39:30:259 Tx: #00030006000225DB
12:39:30:278 Rx: #000304000200004B33
12:39:30:285 Tx: #00034E2000019339
12:39:30:294 Rx: #00030200008584
12:39:30:775 Tx: #00030006000225DB
12:39:30:789 Rx: #000304000200004B33
12:39:30:795 Tx: #00034E2000019339
12:39:30:805 Rx: #00030200008584
12:39:30:811 Rx: #00030200008584
12:39:30:818 Rx: #00030200008584
12:39:31:281 Tx: #00030006000225DB
12:39:31:461 Rx: #000304000200004B33
12:39:31:827 Tx: #00030006000225DB
12:39:31:845 Rx: #000304000200004B33
12:39:31:858 Tx: #00034E2000019339
12:39:31:877 Rx: #00030200008584
12:39:32:355 Tx: #00030006000225DB
12:39:32:380 Rx: #000304000200004B33
12:39:32:386 Tx: #00034E2000019339
12:39:32:407 Rx: #00030200008584
12:39:32:914 Tx: #00030006000225DB
12:39:32:933 Rx: #000304000200004B33
12:39:32:940 Tx: #00034E2000019339
12:39:32:969 Rx: #00030200008584
12:39:33:417 Tx: #00030006000225DB
12:39:33:429 Rx: #000304000200004B33
12:39:33:435 Tx: #00034E2000019339
12:39:33:461 Rx: #00030200008584
12:39:33:974 Tx: #00030006000225DB
12:39:33:988 Rx: #000304000200004B33
12:39:33:996 Tx: #00034E2000019339
12:39:34:020 Rx: #00030200008584
12:39:34:505 Tx: #00030006000225DB
12:39:34:532 Rx: #000304000200004B33
12:39:34:539 Tx: #00034E2000019339
12:39:34:564 Rx: #00030200008584
12:39:35:062 Tx: #00030006000225DB
12:39:35:076 Rx: #000304000200004B33
12:39:35:083 Tx: #00034E2000019339
12:39:35:108 Rx: #00030200008584
12:39:35:602 Tx: #00030006000225DB
12:39:35:620 Rx: #000304000200004B33
12:39:35:627 Tx: #00034E2000019339
12:39:35:652 Rx: #00030200008584
12:39:36:146 Tx: #00030006000225DB
12:39:36:164 Rx: #000304000200004B33
12:39:36:173 Tx: #00034E2000019339
12:39:36:196 Rx: #00030200008584
12:39:36:676 Tx: #00030006000225DB
12:39:36:693 Rx: #000304000200004B33
12:39:36:701 Tx: #00034E2000019339
12:39:36:724 Rx: #00030200008584
12:39:37:177 Tx: #00030006000225DB
12:39:37:187 Rx: #000304000200004B33
12:39:37:201 Tx: #00034E2000019339
12:39:37:219 Rx: #00030200008584
12:39:37:723 Tx: #00030006000225DB
12:39:37:747 Rx: #000304000200004B33
12:39:37:758 Tx: #00034E2000019339
12:39:37:779 Rx: #00030200008584
12:39:38:233 Tx: #00030006000225DB
12:39:38:244 Rx: #000304000200004B33
12:39:38:251 Tx: #00034E2000019339
12:39:38:275 Rx: #00030200008584
12:39:38:788 Tx: #00030006000225DB
12:39:38:803 Rx: #000304000200004B33
12:39:38:811 Tx: #00034E2000019339
12:39:38:835 Rx: #00030200008584
12:39:39:343 Tx: #00030006000225DB
12:39:39:363 Rx: #000304000200004B33
12:39:39:370 Tx: #00034E2000019339
12:39:39:395 Rx: #00030200008584
12:39:39:896 Tx: #00030006000225DB
12:39:39:906 Rx: #000304000200004B33
12:39:39:914 Tx: #00034E2000019339
12:39:39:939 Rx: #00030200008584
12:39:40:452 Tx: #00030006000225DB
12:39:40:466 Rx: #000304000200004B33
12:39:40:473 Tx: #00034E2000019339
12:39:40:499 Rx: #00030200008584
12:39:41:010 Tx: #00030006000225DB
12:39:41:027 Rx: #000304000200004B33
12:39:41:035 Tx: #00034E2000019339
12:39:41:058 Rx: #00030200008584
12:39:41:560 Tx: #00030006000225DB
12:39:41:571 Rx: #000304000200004B33
12:39:41:577 Rx: #000304000200004B33
12:39:41:577 Tx: #00034E2000019339
12:39:41:583 Rx: #000304000200004B33
12:39:41:602 Rx: #00030200008584
12:39:42:100 Tx: #00030006000225DB
12:39:42:115 Rx: #000304000200004B33
12:39:42:122 Tx: #00034E2000019339
12:39:42:147 Rx: #00030200008584
12:39:42:653 Tx: #00030006000225DB
12:39:42:674 Rx: #000304000200004B33
12:39:42:681 Tx: #00034E2000019339
12:39:43:314 Rx: #00030200008584
12:39:43:384 Tx: #00030006000225DB
12:39:43:408 Rx: #000304000200004B33
12:39:43:415 Tx: #00034E2000019339
12:39:43:440 Rx: #00030200008584
12:39:43:891 Tx: #00030006000225DB
12:39:43:905 Rx: #000304000200004B33
12:39:43:911 Tx: #00034E2000019339
12:39:43:920 Rx: #00030200008584
12:39:44:428 Tx: #00030006000225DB
12:39:44:449 Rx: #000304000200004B33
12:39:44:455 Tx: #00034E2000019339
12:39:44:465 Rx: #00030200008584
12:39:44:961 Tx: #00030006000225DB
12:39:44:976 Rx: #000304000200004B33
12:39:44:982 Tx: #00034E2000019339
12:39:44:992 Rx: #00030200008584
12:39:45:501 Tx: #00030006000225DB
12:39:45:521 Rx: #000304000200004B33
12:39:45:529 Tx: #00034E2000019339
12:39:45:553 Rx: #00030200008584
12:39:46:052 Tx: #00030006000225DB
12:39:46:065 Rx: #000304000200004B33
12:39:46:071 Tx: #00034E2000019339
12:39:46:096 Rx: #00030200008584
12:39:46:606 Tx: #00030006000225DB
12:39:46:624 Rx: #000304000200004B33
12:39:46:629 Tx: #00034E2000019339
12:39:46:640 Rx: #00030200008584
12:39:47:144 Tx: #00030006000225DB
12:39:47:167 Rx: #000304000200004B33
12:39:47:173 Tx: #00034E2000019339
12:39:47:183 Rx: #00030200008584
12:39:47:681 Tx: #00030006000225DB
12:39:47:695 Rx: #000304000200004B33
12:39:47:701 Tx: #00034E2000019339
12:39:47:727 Rx: #00030200008584
12:39:48:236 Tx: #00030006000225DB
12:39:48:255 Rx: #000304000200004B33
12:39:48:263 Tx: #00034E2000019339
12:39:48:287 Rx: #00030200008584
12:39:48:970 Tx: #00030006000225DB
12:39:48:991 Rx: #000304000200004B33
12:39:49:005 Tx: #00034E2000019339
12:39:49:023 Rx: #00030200008584
12:39:49:476 Tx: #00030006000225DB
12:39:49:503 Rx: #000304000200004B33
12:39:49:511 Tx: #00034E2000019339
12:39:49:535 Rx: #00030200008584
12:39:50:005 Tx: #00030006000225DB
12:39:50:031 Rx: #000304000200004B33
12:39:50:037 Tx: #00034E2000019339
12:39:50:062 Rx: #00030200008584
12:39:50:566 Tx: #00030006000225DB
12:39:50:593 Rx: #000304000200004B33
12:39:50:602 Tx: #00034E2000019339
12:39:50:623 Rx: #00030200008584
12:39:51:098 Tx: #00030006000225DB
12:39:51:122 Rx: #000304000200004B33
12:39:51:133 Tx: #00034E2000019339
12:39:51:150 Rx: #00030200008584
12:39:51:651 Tx: #00030006000225DB
12:39:51:662 Rx: #000304000200004B33
12:39:51:668 Tx: #00034E2000019339
12:39:51:694 Rx: #00030200008584
12:39:52:203 Tx: #00030006000225DB
12:39:52:221 Rx: #000304000200004B33
12:39:52:230 Tx: #00034E2000019339
12:39:52:273 Rx: #00030200008584
12:39:52:739 Tx: #00030006000225DB
12:39:52:749 Rx: #000304000200004B33
12:39:52:756 Tx: #00034E2000019339
12:39:52:781 Rx: #00030200008584
12:39:53:287 Tx: #00030006000225DB
12:39:53:310 Rx: #000304000200004B33
12:39:53:321 Tx: #00034E2000019339
12:39:53:341 Rx: #00030200008584
12:39:53:787 Tx: #00030006000225DB
12:39:53:805 Rx: #000304000200004B33
12:39:53:812 Tx: #00034E2000019339
12:39:53:821 Rx: #00030200008584
12:39:54:288 Tx: #00030006000225DB
12:39:54:302 Rx: #000304000200004B33
12:39:54:310 Tx: #00034E2000019339
12:39:54:333 Rx: #00030200008584
12:39:54:841 Tx: #00030006000225DB
12:39:54:860 Rx: #000304000200004B33
12:39:54:867 Tx: #00034E2000019339
12:39:54:893 Rx: #00030200008584
12:39:55:404 Tx: #00030006000225DB
12:39:55:420 Rx: #000304000200004B33
12:39:55:427 Tx: #00034E2000019339
12:39:55:452 Rx: #00030200008584
12:39:55:959 Tx: #00030006000225DB
12:39:55:980 Rx: #000304000200004B33
12:39:56:009 Tx: #00034E2000019339
12:39:56:028 Rx: #00030200008584
12:39:56:509 Tx: #00030006000225DB
12:39:56:525 Rx: #000304000200004B33
12:39:56:532 Tx: #00034E2000019339
12:39:56:557 Rx: #00030200008584
12:39:57:065 Tx: #00030006000225DB
12:39:57:087 Rx: #000304000200004B33
12:39:57:100 Tx: #00034E2000019339
12:39:57:116 Rx: #00030200008584
12:39:57:572 Tx: #00030006000225DB
12:39:57:601 Rx: #000304000200004B33
12:39:57:631 Tx: #00034E2000019339
12:39:57:647 Rx: #00030200008584
12:39:58:120 Tx: #00030006000225DB
12:39:58:140 Rx: #000304000200004B33
12:39:58:151 Tx: #00034E2000019339
12:39:58:172 Rx: #00030200008584
12:39:58:668 Tx: #00030006000225DB
12:39:58:684 Rx: #000304000200004B33
12:39:58:701 Tx: #00034E2000019339
12:39:58:717 Rx: #00030200008584
12:39:59:222 Tx: #00030006000225DB
12:39:59:243 Rx: #000304000200004B33
12:39:59:251 Tx: #00034E2000019339
12:39:59:275 Rx: #00030200008584
12:39:59:777 Tx: #00030006000225DB
12:39:59:787 Rx: #000304000200004B33
12:39:59:794 Tx: #00034E2000019339
12:39:59:819 Rx: #00030200008584
12:40:00:330 Tx: #00030006000225DB
12:40:00:347 Rx: #000304000200004B33
12:40:00:354 Tx: #00034E2000019339
12:40:00:379 Rx: #00030200008584
12:40:00:885 Tx: #00030006000225DB
12:40:00:907 Rx: #000304000200004B33
12:40:00:915 Tx: #00034E2000019339
12:40:00:939 Rx: #00030200008584
12:40:01:439 Tx: #00030006000225DB
12:40:01:450 Rx: #000304000200004B33
12:40:01:457 Tx: #00034E2000019339
12:40:01:483 Rx: #00030200008584
12:40:01:989 Tx: #00030006000225DB
12:40:02:011 Rx: #000304000200004B33
12:40:02:018 Tx: #00034E2000019339
12:40:02:042 Rx: #00030200008584
12:40:02:544 Tx: #00030006000225DB
12:40:02:554 Rx: #000304000200004B33
12:40:02:560 Tx: #00034E2000019339
12:40:02:586 Rx: #00030200008584
12:40:03:100 Tx: #00030006000225DB
12:40:03:114 Rx: #000304000200004B33
12:40:03:121 Tx: #00034E2000019339
12:40:03:146 Rx: #00030200008584
12:40:03:655 Tx: #00030006000225DB
12:40:03:675 Rx: #000304000200004B33
12:40:03:683 Tx: #00034E2000019339
12:40:03:706 Rx: #00030200008584
12:40:04:208 Tx: #00030006000225DB
12:40:04:218 Rx: #000304000200004B33
12:40:04:225 Tx: #00034E2000019339
12:40:04:249 Rx: #00030200008584
12:40:04:765 Tx: #00030006000225DB
12:40:04:778 Rx: #000304000200004B33
12:40:04:785 Tx: #00034E2000019339
12:40:04:810 Rx: #00030200008584
12:40:05:322 Tx: #00030006000225DB
12:40:05:338 Rx: #000304000200004B33
12:40:05:349 Tx: #00034E2000019339
12:40:05:369 Rx: #00030200008584
12:40:05:880 Tx: #00030006000225DB
12:40:05:897 Rx: #000304000200004B33
12:40:05:904 Tx: #00034E2000019339
12:40:05:929 Rx: #00030200008584
12:40:06:610 Tx: #00030006000225DB
12:40:06:632 Rx: #000304000200004B33
12:40:06:639 Tx: #00034E2000019339
12:40:06:664 Rx: #00030200008584
12:40:07:167 Tx: #00030006000225DB
12:40:07:192 Rx: #000304000200004B33
12:40:07:199 Tx: #00034E2000019339
12:40:07:225 Rx: #00030200008584
12:40:07:676 Tx: #00030006000225DB
12:40:07:689 Rx: #000304000200004B33
12:40:07:696 Tx: #00034E2000019339
12:40:07:721 Rx: #00030200008584
12:40:08:230 Tx: #00030006000225DB
12:40:08:248 Rx: #000304000200004B33
12:40:08:255 Tx: #00034E2000019339
12:40:08:280 Rx: #00030200008584
12:40:08:788 Tx: #00030006000225DB
12:40:08:808 Rx: #000304000200004B33
12:40:08:815 Tx: #00034E2000019339
12:40:08:839 Rx: #00030200008584
12:40:09:344 Tx: #00030006000225DB
12:40:09:368 Rx: #000304000200004B33
12:40:09:374 Tx: #00034E2000019339
12:40:09:399 Rx: #00030200008584
12:40:09:848 Tx: #00030006000225DB
12:40:09:864 Rx: #000304000200004B33
12:40:09:872 Tx: #00034E2000019339
12:40:09:896 Rx: #00030200008584
12:40:10:399 Tx: #00030006000225DB
12:40:10:423 Rx: #000304000200004B33
12:40:10:429 Tx: #00034E2000019339
12:40:10:440 Rx: #00030200008584
12:40:10:954 Tx: #00030006000225DB
12:40:10:967 Rx: #000304000200004B33
12:40:10:973 Tx: #00034E2000019339
12:40:10:999 Rx: #00030200008584
12:40:11:511 Tx: #00030006000225DB
12:40:11:526 Rx: #000304000200004B33
12:40:11:533 Tx: #00034E2000019339
12:40:11:542 Rx: #00030200008584
12:40:11:548 Rx: #00030200008584
12:40:11:554 Rx: #00030200008584
12:40:12:048 Tx: #00030006000225DB
12:40:12:070 Rx: #000304000200004B33
12:40:12:076 Tx: #00034E2000019339
12:40:12:087 Rx: #00030200008584
12:40:12:591 Tx: #00030006000225DB
12:40:12:614 Rx: #000304000200004B33
12:40:12:622 Tx: #00034E2000019339
12:40:12:646 Rx: #00030200008584
12:40:13:150 Tx: #00030006000225DB
12:40:13:174 Rx: #000304000200004B33
12:40:13:180 Tx: #00034E2000019339
12:40:13:190 Rx: #00030200008584
12:40:13:705 Tx: #00030006000225DB
12:40:13:717 Rx: #000304000200004B33
12:40:13:723 Tx: #00034E2000019339
12:40:13:734 Rx: #00030200008584
12:40:14:242 Tx: #00030006000225DB
12:40:14:262 Rx: #000304000200004B33
12:40:14:268 Tx: #00034E2000019339
12:40:14:293 Rx: #00030200008584
12:40:14:795 Tx: #00030006000225DB
12:40:14:805 Rx: #000304000200004B33
12:40:14:811 Tx: #00034E2000019339
12:40:14:837 Rx: #00030200008584
12:40:15:350 Tx: #00030006000225DB
12:40:15:365 Rx: #000304000200004B33
12:40:15:371 Tx: #00034E2000019339
12:40:15:381 Rx: #00030200008584
12:40:15:887 Tx: #00030006000225DB
12:40:15:908 Rx: #000304000200004B33
12:40:16:527 Tx: #00034E2000019339
12:40:16:548 Rx: #00030200008584
12:40:16:615 Tx: #00030006000225DB
12:40:16:629 Rx: #000304000200004B33
12:40:16:635 Tx: #00034E2000019339
12:40:16:645 Rx: #00030200008584
12:40:17:155 Tx: #00030006000225DB
12:40:17:172 Rx: #000304000200004B33
12:40:17:179 Tx: #00034E2000019339
12:40:17:205 Rx: #00030200008584
12:40:17:712 Tx: #00030006000225DB
12:40:17:732 Rx: #000304000200004B33
12:40:17:738 Tx: #00034E2000019339
12:40:17:748 Rx: #00030200008584
12:40:18:253 Tx: #00030006000225DB
12:40:18:276 Rx: #000304000200004B33
12:40:18:281 Tx: #00034E2000019339
12:40:18:292 Rx: #00030200008584
12:40:18:808 Tx: #00030006000225DB
12:40:18:819 Rx: #000304000200004B33
12:40:18:824 Tx: #00034E2000019339
12:40:18:835 Rx: #00030200008584
12:40:19:351 Tx: #00030006000225DB
12:40:19:364 Rx: #000304000200004B33
12:40:19:370 Tx: #00034E2000019339
12:40:19:396 Rx: #00030200008584
12:40:19:908 Tx: #00030006000225DB
12:40:19:924 Rx: #000304000200004B33
12:40:19:931 Tx: #00034E2000019339
12:40:19:955 Rx: #00030200008584
12:40:20:460 Tx: #00030006000225DB
12:40:20:483 Rx: #000304000200004B33
12:40:20:490 Tx: #00034E2000019339
12:40:20:515 Rx: #00030200008584
12:40:20:967 Tx: #00030006000225DB
12:40:20:979 Rx: #000304000200004B33
12:40:20:989 Tx: #00034E2000019339
12:40:21:011 Rx: #00030200008584
12:40:21:523 Tx: #00030006000225DB
12:40:21:539 Rx: #000304000200004B33
12:40:21:545 Tx: #00034E2000019339
12:40:21:555 Rx: #00030200008584
12:40:22:062 Tx: #00030006000225DB
12:40:22:083 Rx: #000304000200004B33
12:40:22:089 Tx: #00034E2000019339
12:40:22:099 Rx: #00030200008584
12:40:22:601 Tx: #00030006000225DB
12:40:22:610 Rx: #000304000200004B33
12:40:22:616 Tx: #00034E2000019339
12:40:22:626 Rx: #00030200008584
12:40:23:137 Tx: #00030006000225DB
12:40:23:155 Rx: #000304000200004B33
12:40:23:160 Tx: #00034E2000019339
12:40:23:170 Rx: #00030200008584
12:40:23:679 Tx: #00030006000225DB
12:40:23:698 Rx: #000304000200004B33
12:40:24:315 Tx: #00034E2000019339
12:40:24:338 Rx: #00030200008584
12:40:24:406 Tx: #00030006000225DB
12:40:24:418 Rx: #000304000200004B33
12:40:24:424 Tx: #00034E2000019339
12:40:24:450 Rx: #00030200008584
12:40:24:833 Tx: #00060005000159DA
12:40:24:946 DBG: EEPROM: Delete indoors#00060005000159DA
12:40:28:839 Tx: #00060005000159DA
12:40:28:945 DBG: EEPROM: Delete indoors#00060005000159DA
12:40:32:850 Tx: #00060005000159DA
12:40:32:959 DBG: EEPROM: Delete indoors#00060005000159DA
12:40:36:861 Tx: #00060005000159DA
12:40:36:973 DBG: EEPROM: Delete indoors#00060005000159DA
12:40:40:872 Tx: #00060005000159DA
12:40:40:988 DBG: EEPROM: Delete indoors#00060005000159DA
12:40:44:943 Tx: #00030006000225DB
12:40:44:971 Rx: #000304000100017AF3
12:40:44:977 Tx: #0003006400400434
12:40:45:027 Rx: #000380FFFFFFFFFFFFFFFFFFFFFFFFFFFFFFFFFFFFFFFFFFFFFFFFFFFFFFFFFFFFFFFFFFFFFFFFFFFFFFFFFFFFFFFFFFFFFFFFFFFFFFFFFFFFFFFFFFFFFFFFFFFFFFFFFFFFFFFFFFFFFFFFFFFFFFFFFFFFFFFFFFFFFFFFFFFFFFFFFFFFFFFFFFFFFFFFFFFFFFFFFFFFFFFFFFFFFFFFFFFFFFFFFFFFFFFFFFFFFFFFFFFFFFFFFFFFFFFF2311
12:40:45:143 Tx: #00034E2000019339
12:40:45:167 Rx: #00030200008584
12:40:45:486 Tx: #00030006000225DB
12:40:45:503 Rx: #000304000100017AF3
12:40:45:509 Tx: #00034E2000019339
12:40:45:518 Rx: #00030200008584
12:40:46:028 Tx: #00030006000225DB
12:40:46:047 Rx: #000304000100017AF3
12:40:46:053 Tx: #00034E2000019339
12:40:46:063 Rx: #00030200008584
12:40:46:565 Tx: #00030006000225DB
12:40:46:574 Rx: #000304000100017AF3
12:40:46:580 Tx: #00034E2000019339
12:40:46:591 Rx: #00030200008584
12:40:47:101 Tx: #00030006000225DB
12:40:47:119 Rx: #000304000100017AF3
12:40:47:125 Tx: #00034E2000019339
12:40:47:135 Rx: #00030200008584
12:40:47:640 Tx: #00030006000225DB
12:40:47:663 Rx: #000304000100017AF3
12:40:47:668 Tx: #00034E2000019339
12:40:47:678 Rx: #00030200008584
12:40:48:181 Tx: #00030006000225DB
12:40:48:206 Rx: #000304000100017AF3
12:40:48:211 Tx: #00034E2000019339
12:40:48:222 Rx: #00030200008584
12:40:48:736 Tx: #00030006000225DB
12:40:48:750 Rx: #000304000100017AF3
12:40:48:755 Tx: #00034E2000019339
12:40:48:766 Rx: #00030200008584
12:40:49:276 Tx: #00030006000225DB
12:40:49:294 Rx: #000304000100017AF3
12:40:49:299 Tx: #00034E2000019339
12:40:49:309 Rx: #00030200008584
12:40:49:812 Tx: #00030006000225DB
12:40:49:821 Rx: #000304000100017AF3
12:40:49:827 Tx: #00034E2000019339
12:40:49:837 Rx: #00030200008584
12:40:50:353 Tx: #00030006000225DB
12:40:50:365 Rx: #000304000100017AF3
12:40:50:371 Tx: #00034E2000019339
12:40:50:381 Rx: #00030200008584
12:40:50:894 Tx: #00030006000225DB
12:40:50:909 Rx: #000304000100017AF3
12:40:50:914 Tx: #00034E2000019339
12:40:50:925 Rx: #00030200008584
12:40:51:432 Tx: #00030006000225DB
12:40:51:453 Rx: #000304000100017AF3
12:40:51:459 Tx: #00034E2000019339
12:40:51:468 Rx: #00030200008584
12:40:51:974 Tx: #00030006000225DB
12:40:51:996 Rx: #000304000100017AF3
12:40:52:002 Tx: #00034E2000019339
12:40:52:012 Rx: #00030200008584
12:40:52:513 Tx: #00030006000225DB
12:40:52:524 Rx: #000304000100017AF3
12:40:52:530 Tx: #00034E2000019339
12:40:52:540 Rx: #00030200008584
12:40:53:052 Tx: #00030006000225DB
12:40:53:068 Rx: #000304000100017AF3
12:40:53:077 Tx: #00034E2000019339
12:40:53:100 Rx: #00030200008584
12:40:53:606 Tx: #00030006000225DB
12:40:53:628 Rx: #000304000100017AF3
12:40:53:637 Tx: #00034E2000019339
12:40:53:660 Rx: #00030200008584
12:40:54:160 Tx: #00030006000225DB
12:40:54:172 Rx: #000304000100017AF3
12:40:54:178 Tx: #00034E2000019339
12:40:54:188 Rx: #00030200008584
12:40:54:700 Tx: #00030006000225DB
12:40:54:715 Rx: #000304000100017AF3
12:40:54:721 Tx: #00034E2000019339
12:40:54:731 Rx: #00030200008584
12:40:55:236 Tx: #00030006000225DB
12:40:55:259 Rx: #000304000100017AF3
12:40:55:265 Tx: #00034E2000019339
12:40:55:276 Rx: #00030200008584
12:40:55:790 Tx: #00030006000225DB
12:40:55:803 Rx: #000304000100017AF3
12:40:55:809 Tx: #00034E2000019339
12:40:55:819 Rx: #00030200008584
12:40:56:328 Tx: #00030006000225DB
12:40:56:348 Rx: #000304000100017AF3
12:40:56:354 Tx: #00034E2000019339
12:40:56:364 Rx: #00030200008584
12:40:56:866 Tx: #00030006000225DB
12:40:56:875 Rx: #000304000100017AF3
12:40:56:881 Tx: #00034E2000019339
12:40:56:891 Rx: #00030200008584
12:40:57:405 Tx: #00030006000225DB
12:40:57:418 Rx: #000304000100017AF3
12:40:57:425 Tx: #00034E2000019339
12:40:57:434 Rx: #00030200008584
12:40:57:947 Tx: #00030006000225DB
12:40:57:962 Rx: #000304000100017AF3
12:40:57:968 Tx: #00034E2000019339
12:40:57:978 Rx: #00030200008584
12:40:58:489 Tx: #00030006000225DB
12:40:58:507 Rx: #000304000100017AF3
12:40:58:514 Tx: #00034E2000019339
12:40:58:538 Rx: #00030200008584
12:40:59:046 Tx: #00030006000225DB
12:40:59:066 Rx: #000304000100017AF3
12:40:59:072 Tx: #00034E2000019339
12:40:59:082 Rx: #00030200008584
12:40:59:584 Tx: #00030006000225DB
12:40:59:595 Rx: #000304000100017AF3
12:41:00:213 Tx: #00034E2000019339
12:41:00:234 Rx: #00030200008584
12:41:00:297 Tx: #00030006000225DB
12:41:00:313 Rx: #000304000100017AF3
12:41:00:319 Tx: #00034E2000019339
12:41:00:329 Rx: #00030200008584
12:41:00:837 Tx: #00030006000225DB
12:41:00:857 Rx: #000304000100017AF3
12:41:00:863 Tx: #00034E2000019339
12:41:00:873 Rx: #00030200008584
12:41:01:374 Tx: #00030006000225DB
12:41:01:385 Rx: #000304000100017AF3
12:41:01:391 Tx: #00034E2000019339
12:41:01:417 Rx: #00030200008584
12:41:01:931 Tx: #00030006000225DB
12:41:01:944 Rx: #000304000100017AF3
12:41:01:950 Tx: #00034E2000019339
12:41:01:961 Rx: #00030200008584
12:41:02:468 Tx: #00030006000225DB
12:41:02:488 Rx: #000304000100017AF3
12:41:02:495 Tx: #00034E2000019339
12:41:02:520 Rx: #00030200008584
12:41:03:025 Tx: #00030006000225DB
12:41:03:048 Rx: #000304000100017AF3
12:41:03:054 Tx: #00034E2000019339
12:41:03:064 Rx: #00030200008584
12:41:03:579 Tx: #00030006000225DB
12:41:03:592 Rx: #000304000100017AF3
12:41:03:598 Tx: #00034E2000019339
12:41:03:608 Rx: #00030200008584
12:41:04:118 Tx: #00030006000225DB
12:41:04:137 Rx: #000304000100017AF3
12:41:04:143 Tx: #00034E2000019339
12:41:04:168 Rx: #00030200008584
12:41:04:673 Tx: #00030006000225DB
12:41:04:696 Rx: #000304000100017AF3
12:41:04:702 Tx: #00034E2000019339
12:41:04:712 Rx: #00030200008584
12:41:05:212 Tx: #00030006000225DB
12:41:05:223 Rx: #000304000100017AF3
12:41:05:229 Tx: #00034E2000019339
12:41:05:239 Rx: #00030200008584
12:41:05:751 Tx: #00030006000225DB
12:41:05:767 Rx: #000304000100017AF3
12:41:05:772 Tx: #00034E2000019339
12:41:05:783 Rx: #00030200008584
12:41:06:290 Tx: #00030006000225DB
12:41:06:311 Rx: #000304000100017AF3
12:41:06:316 Tx: #00034E2000019339
12:41:06:327 Rx: #00030200008584
12:41:06:827 Tx: #00030006000225DB
12:41:06:839 Rx: #000304000100017AF3
12:41:06:844 Tx: #00034E2000019339
12:41:06:855 Rx: #00030200008584
12:41:07:369 Tx: #00030006000225DB
12:41:07:383 Rx: #000304000100017AF3
12:41:08:001 Tx: #00034E2000019339
12:41:08:022 Rx: #00030200008584
12:41:08:092 Tx: #00030006000225DB
12:41:08:102 Rx: #000304000100017AF3
12:41:08:108 Tx: #00034E2000019339
12:41:08:134 Rx: #00030200008584
12:41:08:643 Tx: #00030006000225DB
12:41:08:662 Rx: #000304000100017AF3
12:41:08:669 Tx: #00034E2000019339
12:41:08:694 Rx: #00030200008584
12:41:09:196 Tx: #00030006000225DB
12:41:09:207 Rx: #000304000100017AF3
12:41:09:214 Tx: #00034E2000019339
12:41:09:238 Rx: #00030200008584
12:41:09:752 Tx: #00030006000225DB
12:41:09:767 Rx: #000304000100017AF3
12:41:09:773 Tx: #00034E2000019339
12:41:09:783 Rx: #00030200008584
12:41:10:295 Tx: #00030006000225DB
12:41:10:310 Rx: #000304000100017AF3
12:41:10:316 Tx: #00034E2000019339
12:41:10:326 Rx: #00030200008584
12:41:10:835 Tx: #00030006000225DB
12:41:10:853 Rx: #000304000100017AF3
12:41:10:859 Tx: #00034E2000019339
12:41:10:869 Rx: #00030200008584
12:41:11:378 Tx: #00030006000225DB
12:41:11:397 Rx: #000304000100017AF3
12:41:11:404 Tx: #00034E2000019339
12:41:11:414 Rx: #00030200008584
12:41:11:916 Tx: #00030006000225DB
12:41:11:925 Rx: #000304000100017AF3
12:41:11:931 Tx: #00034E2000019339
12:41:11:941 Rx: #00030200008584
12:41:12:455 Tx: #00030006000225DB
12:41:12:469 Rx: #000304000100017AF3
12:41:12:475 Tx: #00034E2000019339
12:41:12:485 Rx: #00030200008584
12:41:12:992 Tx: #00030006000225DB
12:41:13:013 Rx: #000304000100017AF3
12:41:13:019 Tx: #00034E2000019339
12:41:13:029 Rx: #00030200008584
12:41:13:529 Tx: #00030006000225DB
12:41:13:540 Rx: #000304000100017AF3
12:41:13:546 Tx: #00034E2000019339
12:41:13:556 Rx: #00030200008584
12:41:14:068 Tx: #00030006000225DB
12:41:14:084 Rx: #000304000100017AF3
12:41:14:089 Tx: #00034E2000019339
12:41:14:100 Rx: #00030200008584
12:41:14:608 Tx: #00030006000225DB
12:41:14:628 Rx: #000304000100017AF3
12:41:14:635 Tx: #00034E2000019339
12:41:14:644 Rx: #00030200008584
12:41:15:149 Tx: #00030006000225DB
12:41:15:172 Rx: #000304000100017AF3
12:41:15:178 Tx: #00034E2000019339
12:41:15:188 Rx: #00030200008584
12:41:15:702 Tx: #00030006000225DB
12:41:15:716 Rx: #000304000100017AF3
12:41:15:722 Tx: #00034E2000019339
12:41:15:731 Rx: #00030200008584
12:41:16:236 Tx: #00030006000225DB
12:41:16:260 Rx: #000304000100017AF3
12:41:16:266 Tx: #00034E2000019339
12:41:16:276 Rx: #00030200008584
12:41:16:789 Tx: #00030006000225DB
12:41:16:804 Rx: #000304000100017AF3
12:41:16:810 Tx: #00034E2000019339
12:41:16:835 Rx: #00030200008584
12:41:17:341 Tx: #00030006000225DB
12:41:17:363 Rx: #000304000100017AF3
12:41:17:982 Tx: #00034E2000019339
12:41:18:003 Rx: #00030200008584
12:41:18:068 Tx: #00030006000225DB
12:41:18:083 Rx: #000304000100017AF3
12:41:18:089 Tx: #00034E2000019339
12:41:18:099 Rx: #00030200008584
12:41:18:610 Tx: #00030006000225DB
12:41:18:626 Rx: #000304000100017AF3
12:41:18:632 Tx: #00034E2000019339
12:41:18:642 Rx: #00030200008584
12:41:19:147 Tx: #00030006000225DB
12:41:19:170 Rx: #000304000100017AF3
12:41:19:177 Tx: #00034E2000019339
12:41:19:187 Rx: #00030200008584
12:41:19:702 Tx: #00030006000225DB
12:41:19:715 Rx: #000304000100017AF3
12:41:19:721 Tx: #00034E2000019339
12:41:19:747 Rx: #00030200008584
12:41:20:257 Tx: #00030006000225DB
12:41:20:274 Rx: #000304000100017AF3
12:41:20:280 Tx: #00034E2000019339
12:41:20:306 Rx: #00030200008584
12:41:20:811 Tx: #00030006000225DB
12:41:20:834 Rx: #000304000100017AF3
12:41:20:839 Tx: #00034E2000019339
12:41:20:850 Rx: #00030200008584
12:41:21:354 Tx: #00030006000225DB
12:41:21:378 Rx: #000304000100017AF3
12:41:21:384 Tx: #00034E2000019339
12:41:21:394 Rx: #00030200008584
12:41:21:911 Tx: #00030006000225DB
12:41:21:922 Rx: #000304000100017AF3
12:41:21:928 Tx: #00034E2000019339
12:41:21:954 Rx: #00030200008584
12:41:22:466 Tx: #00030006000225DB
12:41:22:482 Rx: #000304000100017AF3
12:41:22:488 Tx: #00034E2000019339
12:41:22:497 Rx: #00030200008584
12:41:23:004 Tx: #00030006000225DB
12:41:23:025 Rx: #000304000100017AF3
12:41:23:031 Tx: #00034E2000019339
12:41:23:041 Rx: #00030200008584
12:41:23:545 Tx: #00030006000225DB
12:41:23:569 Rx: #000304000100017AF3
12:41:23:575 Tx: #00034E2000019339
12:41:23:585 Rx: #00030200008584
12:41:24:100 Tx: #00030006000225DB
12:41:24:113 Rx: #000304000100017AF3
12:41:24:121 Tx: #00034E2000019339
12:41:24:145 Rx: #00030200008584
12:41:24:655 Tx: #00030006000225DB
12:41:24:672 Rx: #000304000100017AF3
12:41:24:679 Tx: #00034E2000019339
12:41:24:704 Rx: #00030200008584
12:41:25:211 Tx: #00030006000225DB
12:41:25:233 Rx: #000304000100023AF2
12:41:25:240 Tx: #00034E2000019339
12:41:25:265 Rx: #00030200008584
12:41:25:763 Tx: #00030006000225DB
12:41:25:776 Rx: #000304000100023AF2
12:41:25:783 Tx: #00034E2000019339
12:41:25:808 Rx: #00030200008584
12:41:26:316 Tx: #00030006000225DB
12:41:26:336 Rx: #000304000100023AF2
12:41:26:343 Tx: #00034E2000019339
12:41:26:369 Rx: #00030200008584
12:41:26:874 Tx: #00030006000225DB
12:41:26:896 Rx: #000304000100023AF2
12:41:26:902 Tx: #00034E2000019339
12:41:26:928 Rx: #00030200008584
12:41:27:429 Tx: #00030006000225DB
12:41:27:440 Rx: #000304000100023AF2
12:41:27:447 Tx: #00034E2000019339
12:41:27:472 Rx: #00030200008584
12:41:27:984 Tx: #00030006000225DB
12:41:27:999 Rx: #000304000100023AF2
12:41:28:006 Tx: #00034E2000019339
12:41:28:032 Rx: #00030200008584
12:41:28:539 Tx: #00030006000225DB
12:41:28:560 Rx: #000304000100023AF2
12:41:28:567 Tx: #00034E2000019339
12:41:28:591 Rx: #00030200008584
12:41:29:094 Tx: #00030006000225DB
12:41:29:119 Rx: #000304000100023AF2
12:41:29:127 Tx: #00034E2000019339
12:41:29:151 Rx: #00030200008584
12:41:29:601 Tx: #00030006000225DB
12:41:29:615 Rx: #000304000100023AF2
12:41:29:621 Tx: #00034E2000019339
12:41:29:647 Rx: #00030200008584
12:41:30:156 Tx: #00030006000225DB
12:41:30:174 Rx: #000304000100023AF2
12:41:30:181 Tx: #00034E2000019339
12:41:30:206 Rx: #00030200008584
12:41:30:711 Tx: #00030006000225DB
12:41:30:735 Rx: #000304000100023AF2
12:41:30:742 Tx: #00034E2000019339
12:41:30:767 Rx: #00030200008584
12:41:31:267 Tx: #00030006000225DB
12:41:31:279 Rx: #000304000100023AF2
12:41:31:285 Tx: #00034E2000019339
12:41:31:311 Rx: #00030200008584
12:41:31:822 Tx: #00030006000225DB
12:41:31:838 Rx: #000304000100023AF2
12:41:31:847 Tx: #00034E2000019339
12:41:31:870 Rx: #00030200008584
12:41:32:376 Tx: #00030006000225DB
12:41:32:398 Rx: #000304000100023AF2
12:41:32:405 Tx: #00034E2000019339
12:41:32:430 Rx: #00030200008584
12:41:32:931 Tx: #00030006000225DB
12:41:32:942 Rx: #000304000100023AF2
12:41:32:949 Tx: #00034E2000019339
12:41:32:974 Rx: #00030200008584
12:41:33:488 Tx: #00030006000225DB
12:41:33:502 Rx: #000304000100023AF2
12:41:33:509 Tx: #00034E2000019339
12:41:33:534 Rx: #00030200008584
12:41:34:043 Tx: #00030006000225DB
12:41:34:061 Rx: #000304000100023AF2
12:41:34:068 Tx: #00034E2000019339
12:41:34:093 Rx: #00030200008584
12:41:34:600 Tx: #00030006000225DB
12:41:34:623 Rx: #000304000100023AF2
12:41:34:630 Tx: #00034E2000019339
12:41:34:653 Rx: #00030200008584
12:41:35:156 Tx: #00030006000225DB
12:41:35:181 Rx: #000304000100023AF2
12:41:35:799 Tx: #00034E2000019339
12:41:35:820 Rx: #00030200008584
12:41:35:884 Tx: #00030006000225DB
12:41:35:900 Rx: #000304000100023AF2
12:41:35:907 Tx: #00034E2000019339
12:41:35:933 Rx: #00030200008584
12:41:36:439 Tx: #00030006000225DB
12:41:36:461 Rx: #000304000100023AF2
12:41:36:467 Tx: #00034E2000019339
12:41:36:493 Rx: #00030200008584
12:41:36:997 Tx: #00030006000225DB
12:41:37:020 Rx: #000304000100023AF2
12:41:37:027 Tx: #00034E2000019339
12:41:37:036 Rx: #00030200008584
12:41:37:041 Rx: #00030200008584
12:41:37:046 Rx: #00030200008584
12:41:37:549 Tx: #00030006000225DB
12:41:37:564 Rx: #000304000100023AF2
12:41:37:570 Tx: #00034E2000019339
12:41:37:580 Rx: #00030200008584
12:41:38:088 Tx: #00030006000225DB
12:41:38:108 Rx: #000304000100023AF2
12:41:38:114 Tx: #00034E2000019339
12:41:38:124 Rx: #00030200008584
12:41:38:627 Tx: #00030006000225DB
12:41:38:651 Rx: #000304000100023AF2
12:41:38:658 Tx: #00034E2000019339
12:41:38:683 Rx: #00030200008584
12:41:39:134 Tx: #00030006000225DB
12:41:39:147 Rx: #000304000100023AF2
12:41:39:155 Tx: #00034E2000019339
12:41:39:179 Rx: #00030200008584
12:41:39:689 Tx: #00030006000225DB
12:41:39:707 Rx: #000304000100023AF2
12:41:40:324 Tx: #00034E2000019339
12:41:40:347 Rx: #00030200008584
12:41:40:420 Tx: #00030006000225DB
12:41:40:444 Rx: #000304000100023AF2
12:41:40:452 Tx: #00034E2000019339
12:41:40:475 Rx: #00030200008584
12:41:40:927 Tx: #00030006000225DB
12:41:40:955 Rx: #000304000100023AF2
12:41:40:963 Tx: #00034E2000019339
12:41:40:987 Rx: #00030200008584
12:41:41:434 Tx: #00030006000225DB
12:41:41:451 Rx: #000304000100023AF2
12:41:41:458 Tx: #00034E2000019339
12:41:41:483 Rx: #00030200008584
12:41:41:989 Tx: #00030006000225DB
12:41:42:011 Rx: #000304000100023AF2
12:41:42:018 Tx: #00034E2000019339
12:41:42:042 Rx: #00030200008584
12:41:42:545 Tx: #00030006000225DB
12:41:42:555 Rx: #000304000100023AF2
12:41:42:562 Tx: #00034E2000019339
12:41:42:586 Rx: #00030200008584
12:41:43:098 Tx: #00030006000225DB
12:41:43:114 Rx: #000304000100023AF2
12:41:43:120 Tx: #00034E2000019339
12:41:43:146 Rx: #00030200008584
12:41:43:654 Tx: #00030006000225DB
12:41:43:675 Rx: #000304000100023AF2
12:41:43:681 Tx: #00034E2000019339
12:41:43:706 Rx: #00030200008584
12:41:44:210 Tx: #00030006000225DB
12:41:44:234 Rx: #000304000100023AF2
12:41:44:241 Tx: #00034E2000019339
12:41:44:266 Rx: #00030200008584
12:41:44:763 Tx: #00030006000225DB
12:41:44:778 Rx: #000304000100023AF2
12:41:44:785 Tx: #00034E2000019339
12:41:44:810 Rx: #00030200008584
12:41:45:319 Tx: #00030006000225DB
12:41:45:337 Rx: #000304000100023AF2
12:41:45:344 Tx: #00034E2000019339
12:41:45:368 Rx: #00030200008584
12:41:45:871 Tx: #00030006000225DB
12:41:45:881 Rx: #000304000100023AF2
12:41:45:888 Tx: #00034E2000019339
12:41:45:913 Rx: #00030200008584
12:41:46:426 Tx: #00030006000225DB
12:41:46:441 Rx: #000304000100023AF2
12:41:46:448 Tx: #00034E2000019339
12:41:46:473 Rx: #00030200008584
12:41:46:981 Tx: #00030006000225DB
12:41:47:001 Rx: #000304000100023AF2
12:41:47:007 Tx: #00034E2000019339
12:41:47:032 Rx: #00030200008584
12:41:47:533 Tx: #00030006000225DB
12:41:47:545 Rx: #000304000100023AF2
12:41:47:551 Tx: #00034E2000019339
12:41:47:576 Rx: #00030200008584
12:41:48:087 Tx: #00030006000225DB
12:41:48:104 Rx: #000304000100023AF2
12:41:48:111 Tx: #00034E2000019339
12:41:48:136 Rx: #00030200008584
12:41:48:644 Tx: #00030006000225DB
12:41:48:664 Rx: #000304000100023AF2
12:41:48:671 Tx: #00034E2000019339
12:41:48:696 Rx: #00030200008584
12:41:49:196 Tx: #00030006000225DB
12:41:49:208 Rx: #000304000100023AF2
12:41:49:214 Tx: #00034E2000019339
12:41:49:240 Rx: #00030200008584
12:41:49:752 Tx: #00030006000225DB
12:41:49:768 Rx: #000304000100023AF2
12:41:49:775 Tx: #00034E2000019339
12:41:49:801 Rx: #00030200008584
12:41:50:304 Tx: #00030006000225DB
12:41:50:329 Rx: #000304000100023AF2
12:41:50:335 Tx: #00034E2000019339
12:41:50:360 Rx: #00030200008584
12:41:50:807 Tx: #00030006000225DB
12:41:50:824 Rx: #000304000100023AF2
12:41:50:831 Tx: #00034E2000019339
12:41:50:854 Rx: #00030200008584
12:41:51:356 Tx: #00030006000225DB
12:41:51:367 Rx: #000304000100023AF2
12:41:51:375 Tx: #00034E2000019339
12:41:51:399 Rx: #00030200008584
12:41:51:905 Tx: #00030006000225DB
12:41:51:928 Rx: #000304000100023AF2
12:41:51:934 Tx: #00034E2000019339
12:41:51:959 Rx: #00030200008584
12:41:52:410 Tx: #00030006000225DB
12:41:52:424 Rx: #000304000100023AF2
12:41:52:430 Tx: #00034E2000019339
12:41:52:455 Rx: #00030200008584
12:41:53:127 Tx: #00030006000225DB
12:41:53:143 Rx: #000304000100023AF2
12:41:53:150 Tx: #00034E2000019339
12:41:53:174 Rx: #00030200008584
12:41:53:684 Tx: #00030006000225DB
12:41:53:703 Rx: #000304000100023AF2
12:41:53:710 Tx: #00034E2000019339
12:41:53:735 Rx: #00030200008584
12:41:54:234 Tx: #00030006000225DB
12:41:54:246 Rx: #000304000100023AF2
12:41:54:252 Tx: #00034E2000019339
12:41:54:278 Rx: #00030200008584
12:41:54:788 Tx: #00030006000225DB
12:41:54:806 Rx: #000304000100023AF2
12:41:54:813 Tx: #00034E2000019339
12:41:54:838 Rx: #00030200008584
12:41:55:342 Tx: #00030006000225DB
12:41:55:366 Rx: #000304000100023AF2
12:41:55:372 Tx: #00034E2000019339
12:41:55:397 Rx: #00030200008584
12:41:55:850 Tx: #00030006000225DB
12:41:55:861 Rx: #000304000100023AF2
12:41:55:868 Tx: #00034E2000019339
12:41:55:893 Rx: #00030200008584
12:41:56:404 Tx: #00030006000225DB
12:41:56:421 Rx: #000304000100023AF2
12:41:56:428 Tx: #00034E2000019339
12:41:56:454 Rx: #00030200008584
12:41:56:958 Tx: #00030006000225DB
12:41:56:981 Rx: #000304000100023AF2
12:41:56:988 Tx: #00034E2000019339
12:41:57:016 Rx: #00030200008584
12:41:57:468 Tx: #00030006000225DB
12:41:57:494 Rx: #000304000100023AF2
12:41:57:500 Tx: #00034E2000019339
12:41:57:526 Rx: #00030200008584
12:41:57:978 Tx: #00030006000225DB
12:41:57:990 Rx: #000304000100023AF2
12:41:57:996 Tx: #00034E2000019339
12:41:58:021 Rx: #00030200008584
12:41:58:534 Tx: #00030006000225DB
12:41:58:549 Rx: #000304000100023AF2
12:41:58:555 Tx: #00034E2000019339
12:41:58:580 Rx: #00030200008584
12:41:59:093 Tx: #00030006000225DB
12:41:59:109 Rx: #000304000100023AF2
12:41:59:115 Tx: #00034E2000019339
12:41:59:141 Rx: #00030200008584
12:41:59:650 Tx: #00030006000225DB
12:41:59:668 Rx: #000304000100023AF2
12:41:59:675 Tx: #00034E2000019339
12:41:59:700 Rx: #00030200008584
12:42:00:208 Tx: #00030006000225DB
12:42:00:228 Rx: #000304000100023AF2
12:42:00:235 Tx: #00034E2000019339
12:42:00:260 Rx: #00030200008584
12:42:00:764 Tx: #00030006000225DB
12:42:00:788 Rx: #000304000100023AF2
12:42:00:796 Tx: #00034E2000019339
12:42:00:820 Rx: #00030200008584
12:42:01:272 Tx: #00030006000225DB
12:42:01:284 Rx: #000304000100023AF2
12:42:01:290 Tx: #00034E2000019339
12:42:01:316 Rx: #00030200008584
12:42:01:825 Tx: #00030006000225DB
12:42:01:843 Rx: #000304000100023AF2
12:42:01:850 Tx: #00034E2000019339
12:42:01:875 Rx: #00030200008584
12:42:02:379 Tx: #00030006000225DB
12:42:02:403 Rx: #000304000100023AF2
12:42:02:412 Tx: #00034E2000019339
12:42:02:435 Rx: #00030200008584
12:42:02:887 Tx: #00030006000225DB
12:42:02:899 Rx: #000304000100023AF2
12:42:02:906 Tx: #00034E2000019339
12:42:02:932 Rx: #00030200008584
12:42:03:442 Tx: #00030006000225DB
12:42:03:459 Rx: #000304000100023AF2
12:42:03:466 Tx: #00034E2000019339
12:42:03:491 Rx: #00030200008584
12:42:03:997 Tx: #00030006000225DB
12:42:04:019 Rx: #000304000100023AF2
12:42:04:026 Tx: #00034E2000019339
12:42:04:051 Rx: #00030200008584
12:42:04:504 Tx: #00030006000225DB
12:42:04:515 Rx: #000304000100023AF2
12:42:04:522 Tx: #00034E2000019339
12:42:04:547 Rx: #00030200008584
12:42:05:061 Tx: #00030006000225DB
12:42:05:075 Rx: #000304000100023AF2
12:42:05:083 Tx: #00034E2000019339
12:42:05:107 Rx: #00030200008584
12:42:05:614 Tx: #00030006000225DB
12:42:05:635 Rx: #000304000100023AF2
12:42:05:642 Tx: #00034E2000019339
12:42:05:666 Rx: #00030200008584
12:42:06:167 Tx: #00030006000225DB
12:42:06:179 Rx: #000304000100023AF2
12:42:06:186 Tx: #00034E2000019339
12:42:06:210 Rx: #00030200008584
12:42:06:721 Tx: #00030006000225DB
12:42:06:737 Rx: #000304000100023AF2
12:42:06:744 Tx: #00034E2000019339
12:42:06:770 Rx: #00030200008584
12:42:07:273 Tx: #00030006000225DB
12:42:07:297 Rx: #000304000100023AF2
12:42:07:303 Tx: #00034E2000019339
12:42:07:330 Rx: #00030200008584
12:42:07:779 Tx: #00030006000225DB
12:42:07:794 Rx: #000304000100023AF2
12:42:07:800 Tx: #00034E2000019339
12:42:07:825 Rx: #00030200008584
12:42:08:333 Tx: #00030006000225DB
12:42:08:353 Rx: #000304000100023AF2
12:42:08:359 Tx: #00034E2000019339
12:42:08:369 Rx: #00030200008584
12:42:08:873 Tx: #00030006000225DB
12:42:08:898 Rx: #000304000100023AF2
12:42:08:903 Tx: #00034E2000019339
12:42:08:914 Rx: #00030200008584
12:42:09:413 Tx: #00030006000225DB
12:42:09:425 Rx: #000304000100023AF2
12:42:09:431 Tx: #00034E2000019339
12:42:09:441 Rx: #00030200008584
12:42:09:950 Tx: #00030006000225DB
12:42:09:969 Rx: #000304000100023AF2
12:42:09:975 Tx: #00034E2000019339
12:42:10:001 Rx: #00030200008584
12:42:10:676 Tx: #00030006000225DB
12:42:10:689 Rx: #000304000100023AF2
12:42:10:696 Tx: #00034E2000019339
12:42:10:721 Rx: #00030200008584
12:42:11:228 Tx: #00030006000225DB
12:42:11:248 Rx: #000304000100023AF2
12:42:11:255 Tx: #00034E2000019339
12:42:11:280 Rx: #00030200008584
12:42:11:785 Tx: #00030006000225DB
12:42:11:808 Rx: #000304000100023AF2
12:42:11:816 Tx: #00034E2000019339
12:42:11:840 Rx: #00030200008584
12:42:12:512 Tx: #00030006000225DB
12:42:12:528 Rx: #000304000100023AF2
12:42:12:535 Tx: #00034E2000019339
12:42:12:560 Rx: #00030200008584
12:42:13:067 Tx: #00030006000225DB
12:42:13:087 Rx: #000304000100023AF2
12:42:13:094 Tx: #00034E2000019339
12:42:13:119 Rx: #00030200008584
12:42:13:621 Tx: #00030006000225DB
12:42:13:632 Rx: #000304000100023AF2
12:42:13:638 Tx: #00034E2000019339
12:42:13:663 Rx: #00030200008584
12:42:14:174 Tx: #00030006000225DB
12:42:14:192 Rx: #000304000100023AF2
12:42:14:198 Tx: #00034E2000019339
12:42:14:223 Rx: #00030200008584
12:42:14:730 Tx: #00030006000225DB
12:42:14:751 Rx: #000304000100023AF2
12:42:14:757 Tx: #00034E2000019339
12:42:14:782 Rx: #00030200008584
12:42:15:283 Tx: #00030006000225DB
12:42:15:294 Rx: #000304000100023AF2
12:42:15:302 Tx: #00034E2000019339
12:42:15:327 Rx: #00030200008584
12:42:15:838 Tx: #00030006000225DB
12:42:15:855 Rx: #000304000100023AF2
12:42:15:862 Tx: #00034E2000019339
12:42:15:887 Rx: #00030200008584
12:42:16:393 Tx: #00030006000225DB
12:42:16:414 Rx: #000304000100023AF2
12:42:16:421 Tx: #00034E2000019339
12:42:16:446 Rx: #00030200008584
12:42:16:899 Tx: #00030006000225DB
12:42:16:910 Rx: #000304000100023AF2
12:42:16:918 Tx: #00034E2000019339
12:42:16:942 Rx: #00030200008584
12:42:17:451 Tx: #00030006000225DB
12:42:17:470 Rx: #000304000100023AF2
12:42:17:476 Tx: #00034E2000019339
12:42:17:501 Rx: #00030200008584
12:42:18:007 Tx: #00030006000225DB
12:42:18:030 Rx: #000304000100023AF2
12:42:18:037 Tx: #00034E2000019339
12:42:18:062 Rx: #00030200008584
12:42:18:516 Tx: #00030006000225DB
12:42:18:526 Rx: #000304000100023AF2
12:42:18:532 Tx: #00034E2000019339
12:42:18:557 Rx: #00030200008584
12:42:19:069 Tx: #00030006000225DB
12:42:19:085 Rx: #000304000100023AF2
12:42:19:093 Tx: #00034E2000019339
12:42:19:118 Rx: #00030200008584
12:42:19:621 Tx: #00030006000225DB
12:42:19:645 Rx: #000304000100023AF2
12:42:19:652 Tx: #00034E2000019339
12:42:19:677 Rx: #00030200008584
12:42:20:128 Tx: #00030006000225DB
12:42:20:141 Rx: #000304000100023AF2
12:42:20:148 Tx: #00034E2000019339
12:42:20:173 Rx: #00030200008584
12:42:20:678 Tx: #00030006000225DB
12:42:20:700 Rx: #000304000100023AF2
12:42:20:707 Tx: #00034E2000019339
12:42:20:733 Rx: #00030200008584
12:42:21:233 Tx: #00030006000225DB
12:42:21:244 Rx: #000304000100023AF2
12:42:21:251 Tx: #00034E2000019339
12:42:21:276 Rx: #00030200008584
12:42:21:785 Tx: #00030006000225DB
12:42:21:806 Rx: #000304000100023AF2
12:42:21:816 Tx: #00034E2000019339
12:42:21:837 Rx: #00030200008584
12:42:22:338 Tx: #00030006000225DB
12:42:22:349 Rx: #000304000100023AF2
12:42:22:356 Tx: #00034E2000019339
12:42:22:380 Rx: #00030200008584
12:42:22:894 Tx: #00030006000225DB
12:42:22:908 Rx: #000304000100023AF2
12:42:22:916 Tx: #00034E2000019339
12:42:22:939 Rx: #00030200008584
12:42:23:448 Tx: #00030006000225DB
12:42:23:467 Rx: #000304000100023AF2
12:42:23:474 Tx: #00034E2000019339
12:42:23:500 Rx: #00030200008584
12:42:24:003 Tx: #00030006000225DB
12:42:24:027 Rx: #000304000100023AF2
12:42:24:034 Tx: #00034E2000019339
12:42:24:059 Rx: #00030200008584
12:42:24:511 Tx: #00030006000225DB
12:42:24:523 Rx: #000304000100023AF2
12:42:24:530 Tx: #00034E2000019339
12:42:24:555 Rx: #00030200008584
12:42:25:064 Tx: #00030006000225DB
12:42:25:083 Rx: #000304000100023AF2
12:42:25:090 Tx: #00034E2000019339
12:42:25:114 Rx: #00030200008584
12:42:25:619 Tx: #00030006000225DB
12:42:25:643 Rx: #000304000100023AF2
12:42:25:649 Tx: #00034E2000019339
12:42:25:675 Rx: #00030200008584
12:42:26:125 Tx: #00030006000225DB
12:42:26:139 Rx: #000304000100023AF2
12:42:26:145 Tx: #00034E2000019339
12:42:26:171 Rx: #00030200008584
12:42:26:680 Tx: #00030006000225DB
12:42:26:699 Rx: #00030400010003FB32
12:42:26:705 Tx: #00034E2000019339
12:42:26:730 Rx: #00030200014444
12:42:27:236 Tx: #00030006000225DB
12:42:27:259 Rx: #00030400010003FB32
12:42:27:266 Tx: #00034E2000019339
12:42:27:290 Rx: #00030200014444
12:42:27:744 Tx: #00030006000225DB
12:42:27:754 Rx: #00030400010003FB32
12:42:27:764 Tx: #00034E2000019339
12:42:27:786 Rx: #00030200014444
12:42:28:456 Tx: #00030006000225DB
12:42:28:474 Rx: #00030400010003FB32
12:42:28:481 Tx: #00034E2000019339
12:42:28:506 Rx: #00030200014444
12:42:29:012 Tx: #00030006000225DB
12:42:29:034 Rx: #00030400010003FB32
12:42:29:040 Tx: #00034E2000019339
12:42:29:065 Rx: #00030200014444
12:42:29:567 Tx: #00030006000225DB
12:42:29:578 Rx: #00030400010003FB32
12:42:29:584 Tx: #00034E2000019339
12:42:29:609 Rx: #00030200014444
12:42:30:120 Tx: #00030006000225DB
12:42:30:137 Rx: #00030400010003FB32
12:42:30:144 Tx: #00034E2000019339
12:42:30:169 Rx: #00030200014444
12:42:30:677 Tx: #00030006000225DB
12:42:30:698 Rx: #00030400010003FB32
12:42:30:705 Tx: #00034E2000019339
12:42:30:729 Rx: #00030200014444
12:42:31:234 Tx: #00030006000225DB
12:42:31:257 Rx: #00030400010003FB32
12:42:31:264 Tx: #00034E2000019339
12:42:31:289 Rx: #00030200014444
12:42:31:739 Tx: #00030006000225DB
12:42:31:753 Rx: #00030400010003FB32
12:42:31:760 Tx: #00034E2000019339
12:42:31:785 Rx: #00030200014444
12:42:32:293 Tx: #00030006000225DB
12:42:32:313 Rx: #00030400010003FB32
12:42:32:319 Tx: #00034E2000019339
12:42:32:344 Rx: #00030200014444
12:42:32:849 Tx: #00030006000225DB
12:42:32:873 Rx: #00030400010003FB32
12:42:32:879 Tx: #00034E2000019339
12:42:32:904 Rx: #00030200014444
12:42:33:355 Tx: #00030006000225DB
12:42:33:368 Rx: #00030400010003FB32
12:42:33:375 Tx: #00034E2000019339
12:42:33:400 Rx: #00030200014444
12:42:33:909 Tx: #00030006000225DB
12:42:33:928 Rx: #00030400010003FB32
12:42:33:935 Tx: #00034E2000019339
12:42:33:960 Rx: #00030200014444
12:42:34:461 Tx: #00030006000225DB
12:42:34:472 Rx: #00030400010003FB32
12:42:34:479 Tx: #00034E2000019339
12:42:34:504 Rx: #00030200014444
12:42:35:019 Tx: #00030006000225DB
12:42:35:032 Rx: #00030400010003FB32
12:42:35:039 Tx: #00034E2000019339
12:42:35:063 Rx: #00030200014444
12:42:35:569 Tx: #00030006000225DB
12:42:35:591 Rx: #00030400010003FB32
12:42:35:598 Tx: #00034E2000019339
12:42:35:625 Rx: #00030200014444
12:42:36:077 Tx: #00030006000225DB
12:42:36:087 Rx: #00030400010003FB32
12:42:36:093 Tx: #00034E2000019339
12:42:36:118 Rx: #00030200014444
12:42:36:632 Tx: #00030006000225DB
12:42:36:646 Rx: #00030400010003FB32
12:42:36:653 Tx: #00034E2000019339
12:42:36:678 Rx: #00030200014444
12:42:37:191 Tx: #00030006000225DB
12:42:37:207 Rx: #00030400010003FB32
12:42:37:214 Tx: #00034E2000019339
12:42:37:239 Rx: #00030200014444
12:42:37:746 Tx: #00030006000225DB
12:42:37:766 Rx: #00030400010003FB32
12:42:37:774 Tx: #00034E2000019339
12:42:37:798 Rx: #00030200014444
12:42:38:303 Tx: #00030006000225DB
12:42:38:326 Rx: #00030400010003FB32
12:42:38:333 Tx: #00034E2000019339
12:42:38:358 Rx: #00030200014444
12:42:38:860 Tx: #00030006000225DB
12:42:38:885 Rx: #00030400010003FB32
12:42:38:892 Tx: #00034E2000019339
12:42:38:917 Rx: #00030200014444
12:42:39:366 Tx: #00030006000225DB
12:42:39:382 Rx: #00030400010003FB32
12:42:39:389 Tx: #00034E2000019339
12:42:39:413 Rx: #00030200014444
12:42:39:921 Tx: #00030006000225DB
12:42:39:941 Rx: #00030400010003FB32
12:42:39:947 Tx: #00034E2000019339
12:42:39:958 Rx: #00030200014444
12:42:40:458 Tx: #00030006000225DB
12:42:40:470 Rx: #00030400010003FB32
12:42:40:476 Tx: #00034E2000019339
12:42:40:485 Rx: #00030200014444
12:42:40:998 Tx: #00030006000225DB
12:42:41:014 Rx: #00030400010003FB32
12:42:41:019 Tx: #00034E2000019339
12:42:41:029 Rx: #00030200014444
12:42:41:534 Tx: #00030006000225DB
12:42:41:557 Rx: #00030400010003FB32
12:42:41:563 Tx: #00034E2000019339
12:42:41:589 Rx: #00030200014444
12:42:42:042 Tx: #00030006000225DB
12:42:42:053 Rx: #00030400010004BAF0
12:42:42:060 Tx: #00034E2000019339
12:42:42:085 Rx: #00030200014444
12:42:42:599 Tx: #00030006000225DB
12:42:42:613 Rx: #00030400010004BAF0
12:42:42:620 Tx: #00034E2000019339
12:42:42:645 Rx: #00030200014444
12:42:43:155 Tx: #00030006000225DB
12:42:43:172 Rx: #000304000100057B30
12:42:43:179 Tx: #00034E2000019339
12:42:43:204 Rx: #00030200014444
12:42:43:712 Tx: #00030006000225DB
12:42:43:732 Rx: #000304000100057B30
12:42:43:739 Tx: #00034E2000019339
12:42:43:764 Rx: #00030200014444
12:42:44:264 Tx: #00030006000225DB
12:42:44:276 Rx: #00030400010007FAF1
12:42:44:282 Tx: #00034E2000019339
12:42:44:307 Rx: #00030200014444
12:42:44:820 Tx: #00030006000225DB
12:42:44:836 Rx: #00030400010007FAF1
12:42:44:843 Tx: #00034E2000019339
12:42:44:868 Rx: #00030200014444
12:42:45:530 DBG: EEPROM: Writing indoor 0
12:42:45:548 Tx: #00030006000225DB
12:42:45:572 Rx: #000304000200004B33
12:42:45:580 Tx: #0003006400400434
12:42:45:580 DBG: EEPROM: Writing indoor 1
12:42:46:197 DBG: EEPROM: Writing indoor 2
12:42:46:204 DBG: EEPROM: Writing indoor 3
12:42:46:210 DBG: EEPROM: Writing indoor 4
12:42:46:219 DBG: EEPROM: Writing indoor 5
12:42:46:225 DBG: EEPROM: Writing indoor 6
12:42:46:233 DBG: EEPROM: Writing indoor 7
12:42:46:240 DBG: EEPROM: Writing indoor 8
12:42:46:248 DBG: EEPROM: Writing indoor 9
12:42:46:255 DBG: EEPROM: Writing indoor 10
12:42:46:263 DBG: EEPROM: Writing indoor 11
12:42:46:270 DBG: EEPROM: Writing indoor 12
12:42:46:289 Rx: #00038000000001000200030004FFFFFFFFFFFFFFFFFFFFFFFFFFFFFFFFFFFFFFFFFFFFFFFFFFFFFFFFFFFFFFFFFFFFFFFFFFFFFFFFFFFFFFFFFFFFFFFFFFFFFFFFFFFFFFFFFFFFFFFFFFFFFFFFFFFFFFFFFFFFFFFFFFFFFFFFFFFFFFFFFFFFFFFFFFFFFFFFFFFFFFFFFFFFFFFFFFFFFFFFFFFFFFFFFFFFFFFFFFFFFFFFFFFFFFFFFFFF5959
12:42:46:296 DBG: EEPROM: Writing indoor 13
12:42:46:304 DBG: EEPROM: Writing indoor 14
12:42:46:344 DBG: EEPROM: Writing indoor 15
12:42:46:410 DBG: EEPROM: Writing indoor 16
12:42:46:414 Tx: #00034E2000019339
12:42:46:440 Rx: #00030200014444
12:42:46:510 Tx: #00030006000225DB
12:42:46:520 Rx: #000304000200004B33
12:42:46:525 Tx: #00034E2000019339
12:42:46:536 Rx: #00030200014444
12:42:47:049 Tx: #00030006000225DB
12:42:47:064 Rx: #000304000200004B33
12:42:47:071 Tx: #00034E2000019339
12:42:47:096 Rx: #00030200014444
12:42:47:604 Tx: #00030006000225DB
12:42:47:624 Rx: #000304000200004B33
12:42:47:632 Tx: #00034E2000019339
12:42:47:656 Rx: #00030200014444
12:42:48:159 Tx: #00030006000225DB
12:42:48:183 Rx: #000304000200004B33
12:42:48:189 Tx: #00034E2000019339
12:42:48:215 Rx: #00030200014444
12:42:48:666 Tx: #00030006000225DB
12:42:48:679 Rx: #000304000200004B33
12:42:48:686 Tx: #00034E2000019339
12:42:48:712 Rx: #00030200014444
12:42:49:221 Tx: #00030006000225DB
12:42:49:239 Rx: #000304000200004B33
12:42:49:246 Tx: #00034E2000019339
12:42:49:271 Rx: #00030200014444
12:42:49:774 Tx: #00030006000225DB
12:42:49:799 Rx: #000304000200004B33
12:42:49:805 Tx: #00034E2000019339
12:42:49:830 Rx: #00030200014444
12:42:50:281 Tx: #00030006000225DB
12:42:50:295 Rx: #000304000200004B33
12:42:50:302 Tx: #00034E2000019339
12:42:50:327 Rx: #00030200014444
12:42:50:835 Tx: #00030006000225DB
12:42:50:854 Rx: #000304000200004B33
12:42:50:862 Tx: #00034E2000019339
12:42:50:886 Rx: #00030200014444
12:42:51:391 Tx: #00030006000225DB
12:42:51:414 Rx: #000304000200004B33
12:42:51:421 Tx: #00034E2000019339
12:42:51:446 Rx: #00030200014444
12:42:51:898 Tx: #00030006000225DB
12:42:51:910 Rx: #000304000200004B33
12:42:51:917 Tx: #00034E2000019339
12:42:51:942 Rx: #00030200014444
12:42:52:449 Tx: #00030006000225DB
12:42:52:470 Rx: #000304000200004B33
12:42:52:477 Tx: #00034E2000019339
12:42:52:501 Rx: #00030200014444
12:42:53:004 Tx: #00030006000225DB
12:42:53:014 Rx: #000304000200004B33
12:42:53:021 Tx: #00034E2000019339
12:42:53:046 Rx: #00030200014444
12:42:53:556 Tx: #00030006000225DB
12:42:53:574 Rx: #000304000200004B33
12:42:53:582 Tx: #00034E2000019339
12:42:53:606 Rx: #00030200014444
12:42:54:111 Tx: #00030006000225DB
12:42:54:133 Rx: #000304000200004B33
12:42:54:140 Tx: #00034E2000019339
12:42:54:166 Rx: #00030200014444
12:42:54:666 Tx: #00030006000225DB
12:42:54:677 Rx: #000304000200004B33
12:42:54:685 Tx: #00034E2000019339
12:42:54:709 Rx: #00030200014444
12:42:55:220 Tx: #00030006000225DB
12:42:55:237 Rx: #000304000200004B33
12:42:55:243 Tx: #00034E2000019339
12:42:55:268 Rx: #00030200014444
12:42:55:773 Tx: #00030006000225DB
12:42:55:797 Rx: #000304000200004B33
12:42:55:804 Tx: #00034E2000019339
12:42:55:829 Rx: #00030200014444
12:42:56:276 Tx: #00030006000225DB
12:42:56:293 Rx: #000304000200004B33
12:42:56:299 Tx: #00034E2000019339
12:42:56:324 Rx: #00030200014444
12:42:56:829 Tx: #00030006000225DB
12:42:56:852 Rx: #000304000200004B33
12:42:56:859 Tx: #00034E2000019339
12:42:56:884 Rx: #00030200014444
12:42:57:334 Tx: #00030006000225DB
12:42:57:348 Rx: #000304000200004B33
12:42:57:355 Tx: #00034E2000019339
12:42:57:380 Rx: #00030200014444
12:42:57:886 Tx: #00030006000225DB
12:42:57:908 Rx: #000304000200004B33
12:42:57:915 Tx: #00034E2000019339
12:42:57:940 Rx: #00030200014444
12:42:58:441 Tx: #00030006000225DB
12:42:58:452 Rx: #000304000200004B33
12:42:58:459 Tx: #00034E2000019339
12:42:58:484 Rx: #00030200014444
12:42:58:989 Tx: #00030006000225DB
12:42:59:011 Rx: #000304000200004B33
12:42:59:018 Tx: #00034E2000019339
12:42:59:043 Rx: #00030200014444
12:42:59:493 Tx: #00030006000225DB
12:42:59:524 Rx: #000304000200004B33
12:42:59:531 Tx: #00034E2000019339
12:42:59:555 Rx: #00030200014444
12:43:00:000 Tx: #00030006000225DB
12:43:00:020 Rx: #000304000200004B33
12:43:00:027 Tx: #00034E2000019339
12:43:00:052 Rx: #00030200014444
12:43:00:556 Tx: #00030006000225DB
12:43:00:579 Rx: #000304000200004B33
12:43:00:586 Tx: #00034E2000019339
12:43:00:611 Rx: #00030200014444
12:43:01:064 Tx: #00030006000225DB
12:43:01:699 Rx: #000304000200004B33
12:43:01:706 Tx: #00034E2000019339
12:43:01:731 Rx: #00030200014444
12:43:01:790 Tx: #00030006000225DB
12:43:01:810 Rx: #000304000200004B33
12:43:01:817 Tx: #00034E2000019339
12:43:01:842 Rx: #00030200014444
12:43:02:348 Tx: #00030006000225DB
12:43:02:371 Rx: #000304000200004B33
12:43:02:377 Tx: #00034E2000019339
12:43:02:403 Rx: #00030200014444
12:43:02:903 Tx: #00030006000225DB
12:43:02:914 Rx: #000304000200004B33
12:43:02:921 Tx: #00034E2000019339
12:43:02:946 Rx: #00030200014444
12:43:03:457 Tx: #00030006000225DB
12:43:03:474 Rx: #000304000200004B33
12:43:03:480 Tx: #00034E2000019339
12:43:03:506 Rx: #00030200014444
12:43:04:011 Tx: #00030006000225DB
12:43:04:034 Rx: #000304000200004B33
12:43:04:041 Tx: #00034E2000019339
12:43:04:065 Rx: #00030200014444
12:43:04:513 Tx: #00030006000225DB
12:43:04:530 Rx: #000304000200004B33
12:43:04:536 Tx: #00034E2000019339
12:43:04:561 Rx: #00030200014444
12:43:05:063 Tx: #00030006000225DB
12:43:05:089 Rx: #000304000200004B33
12:43:05:096 Tx: #00034E2000019339
12:43:05:121 Rx: #00030200014444
12:43:05:570 Tx: #00030006000225DB
12:43:05:585 Rx: #000304000200004B33
12:43:05:592 Tx: #00034E2000019339
12:43:05:617 Rx: #00030200014444
12:43:06:125 Tx: #00030006000225DB
12:43:06:145 Rx: #000304000200004B33
12:43:06:152 Tx: #00034E2000019339
12:43:06:176 Rx: #00030200014444
12:43:06:679 Tx: #00030006000225DB
12:43:06:689 Rx: #000304000200004B33
12:43:06:696 Tx: #00034E2000019339
12:43:06:720 Rx: #00030200014444
12:43:07:234 Tx: #00030006000225DB
12:43:07:249 Rx: #000304000200004B33
12:43:07:255 Tx: #00034E2000019339
12:43:07:264 Rx: #00030200014444
12:43:07:775 Tx: #00030006000225DB
12:43:07:792 Rx: #000304000200004B33
12:43:07:797 Tx: #00034E2000019339
12:43:07:808 Rx: #00030200014444
12:43:08:311 Tx: #00030006000225DB
12:43:08:337 Rx: #000304000200004B33
12:43:08:343 Tx: #00034E2000019339
12:43:08:353 Rx: #00030200014444
12:43:08:866 Tx: #00030006000225DB
12:43:08:880 Rx: #000304000200004B33
12:43:08:886 Tx: #00034E2000019339
12:43:08:896 Rx: #00030200014444
12:43:09:403 Tx: #00030006000225DB
12:43:09:424 Rx: #000304000200004B33
12:43:09:432 Tx: #00034E2000019339
12:43:09:456 Rx: #00030200014444
12:43:09:958 Tx: #00030006000225DB
12:43:09:983 Rx: #000304000200004B33
12:43:09:991 Tx: #00034E2000019339
12:43:10:015 Rx: #00030200014444
12:43:10:464 Tx: #00030006000225DB
12:43:10:479 Rx: #000304000200004B33
12:43:10:487 Tx: #00034E2000019339
12:43:10:512 Rx: #00030200014444
12:43:11:019 Tx: #00030006000225DB
12:43:11:039 Rx: #000304000200004B33
12:43:11:051 Tx: #00034E2000019339
12:43:11:071 Rx: #00030200014444
12:43:11:574 Tx: #00030006000225DB
12:43:11:598 Rx: #000304000200004B33
12:43:11:605 Tx: #00034E2000019339
12:43:11:630 Rx: #00030200014444
12:43:12:079 Tx: #00030006000225DB
12:43:12:095 Rx: #000304000200004B33
12:43:12:102 Tx: #00034E2000019339
12:43:12:127 Rx: #00030200014444
12:43:12:636 Tx: #00030006000225DB
12:43:12:655 Rx: #000304000200004B33
12:43:12:661 Tx: #00034E2000019339
12:43:12:686 Rx: #00030200014444
12:43:13:192 Tx: #00030006000225DB
12:43:13:214 Rx: #000304000200004B33
12:43:13:223 Tx: #00034E2000019339
12:43:13:246 Rx: #00030200014444
12:43:13:750 Tx: #00030006000225DB
12:43:13:774 Rx: #000304000200004B33
12:43:13:781 Tx: #00034E2000019339
12:43:13:806 Rx: #00030200014444
12:43:14:259 Tx: #00030006000225DB
12:43:14:270 Rx: #000304000200004B33
12:43:14:277 Tx: #00034E2000019339
12:43:14:302 Rx: #00030200014444
12:43:14:810 Tx: #00030006000225DB
12:43:14:830 Rx: #000304000200004B33
12:43:14:836 Tx: #00034E2000019339
12:43:14:861 Rx: #00030200014444
12:43:15:359 Tx: #00030006000225DB
12:43:15:374 Rx: #000304000200004B33
12:43:15:380 Tx: #00034E2000019339
12:43:15:405 Rx: #00030200014444
12:43:15:912 Tx: #00030006000225DB
12:43:15:934 Rx: #000304000200004B33
12:43:16:548 Tx: #00034E2000019339
12:43:16:573 Rx: #00030200014444
12:43:16:642 Tx: #00030006000225DB
12:43:16:653 Rx: #000304000200004B33
12:43:16:660 Tx: #00034E2000019339
12:43:16:685 Rx: #00030200014444
12:43:17:195 Tx: #00030006000225DB
12:43:17:213 Rx: #000304000200004B33
12:43:17:220 Tx: #00034E2000019339
12:43:17:244 Rx: #00030200014444
12:43:17:746 Tx: #00030006000225DB
12:43:17:772 Rx: #000304000200004B33
12:43:17:779 Tx: #00034E2000019339
12:43:17:805 Rx: #00030200014444
12:43:18:253 Tx: #00030006000225DB
12:43:18:269 Rx: #000304000200004B33
12:43:18:276 Tx: #00034E2000019339
12:43:18:301 Rx: #00030200014444
12:43:18:805 Tx: #00030006000225DB
12:43:19:436 Rx: #000304000200004B33
12:43:19:450 Tx: #00034E2000019339
12:43:19:468 Rx: #00030200014444
12:43:19:530 Tx: #00030006000225DB
12:43:19:548 Rx: #000304000200004B33
12:43:19:555 Tx: #00034E2000019339
12:43:19:580 Rx: #00030200014444
12:43:20:085 Tx: #00030006000225DB
12:43:20:108 Rx: #000304000200004B33
12:43:20:115 Tx: #00034E2000019339
12:43:20:139 Rx: #00030200014444
12:43:20:591 Tx: #00030006000225DB
12:43:20:604 Rx: #000304000200004B33
12:43:20:613 Tx: #00034E2000019339
12:43:20:636 Rx: #00030200014444
12:43:21:145 Tx: #00030006000225DB
12:43:21:163 Rx: #000304000200004B33
12:43:21:170 Tx: #00034E2000019339
12:43:21:196 Rx: #00030200014444
12:43:21:697 Tx: #00030006000225DB
12:43:21:707 Rx: #000304000200004B33
12:43:21:714 Tx: #00034E2000019339
12:43:21:739 Rx: #00030200014444
12:43:22:250 Tx: #00030006000225DB
12:43:22:267 Rx: #000304000200004B33
12:43:22:274 Tx: #00034E2000019339
12:43:22:299 Rx: #00030200014444
12:43:22:803 Tx: #00030006000225DB
12:43:22:826 Rx: #000304000200004B33
12:43:22:833 Tx: #00034E2000019339
12:43:22:859 Rx: #00030200014444
12:43:23:307 Tx: #00030006000225DB
12:43:23:323 Rx: #000304000200004B33
12:43:23:329 Tx: #00034E2000019339
12:43:23:354 Rx: #00030200014444
12:43:23:859 Tx: #00030006000225DB
12:43:23:882 Rx: #000304000200004B33
12:43:23:890 Tx: #00034E2000019339
12:43:23:914 Rx: #00030200014444
12:43:24:369 Tx: #00030006000225DB
12:43:24:379 Rx: #000304000200004B33
12:43:24:386 Tx: #00034E2000019339
12:43:24:410 Rx: #00030200014444
12:43:24:924 Tx: #00030006000225DB
12:43:24:938 Rx: #000304000200004B33
12:43:24:945 Tx: #00034E2000019339
12:43:24:970 Rx: #00030200014444
12:43:25:479 Tx: #00030006000225DB
12:43:25:497 Rx: #000304000200004B33
12:43:25:504 Tx: #00034E2000019339
12:43:25:529 Rx: #00030200014444
12:43:26:035 Tx: #00030006000225DB
12:43:26:058 Rx: #000304000200004B33
12:43:26:065 Tx: #00034E2000019339
12:43:26:089 Rx: #00030200014444
12:43:26:589 Tx: #00030006000225DB
12:43:26:602 Rx: #000304000200004B33
12:43:26:609 Tx: #00034E2000019339
12:43:26:634 Rx: #00030200014444
12:43:27:144 Tx: #00030006000225DB
12:43:27:161 Rx: #000304000200004B33
12:43:27:168 Tx: #00034E2000019339
12:43:27:193 Rx: #00030200014444
12:43:27:699 Tx: #00030006000225DB
12:43:27:722 Rx: #000304000200004B33
12:43:27:728 Tx: #00034E2000019339
12:43:27:753 Rx: #00030200014444
12:43:28:206 Tx: #00030006000225DB
12:43:28:217 Rx: #000304000200004B33
12:43:28:224 Tx: #00034E2000019339
12:43:28:248 Rx: #00030200014444
12:43:28:761 Tx: #00030006000225DB
12:43:28:776 Rx: #000304000200004B33
12:43:28:783 Tx: #00034E2000019339
12:43:28:793 Rx: #00030200014444
12:43:28:799 Rx: #00030200014444
12:43:28:805 Rx: #00030200014444
12:43:29:300 Tx: #00030006000225DB
12:43:29:320 Rx: #000304000200004B33
12:43:29:327 Tx: #00034E2000019339
12:43:29:353 Rx: #00030200014444
12:43:29:852 Tx: #00030006000225DB
12:43:29:864 Rx: #000304000200004B33
12:43:29:870 Tx: #00034E2000019339
12:43:29:896 Rx: #00030200014444
12:43:30:405 Tx: #00030006000225DB
12:43:30:423 Rx: #000304000200004B33
12:43:30:430 Tx: #00034E2000019339
12:43:30:455 Rx: #00030200014444
12:43:30:959 Tx: #00030006000225DB
12:43:30:984 Rx: #000304000200004B33
12:43:30:991 Tx: #00034E2000019339
12:43:31:016 Rx: #00030200014444
12:43:31:467 Tx: #00030006000225DB
12:43:31:480 Rx: #000304000200004B33
12:43:31:486 Tx: #00034E2000019339
12:43:31:511 Rx: #00030200014444
12:43:32:022 Tx: #00030006000225DB
12:43:32:040 Rx: #000304000200004B33
12:43:32:046 Tx: #00034E2000019339
12:43:32:072 Rx: #00030200014444
12:43:32:573 Tx: #00030006000225DB
12:43:32:584 Rx: #000304000200004B33
12:43:32:589 Rx: #000304000200004B33
12:43:32:589 Tx: #00034E2000019339
12:43:32:596 Rx: #000304000200004B33
12:43:32:615 Rx: #00030200014444
12:43:33:105 Tx: #00030006000225DB
12:43:33:127 Rx: #000304000200004B33
12:43:33:134 Tx: #00034E2000019339
12:43:33:158 Rx: #00030200014444
12:43:33:661 Tx: #00030006000225DB
12:43:33:670 Rx: #000304000200004B33
12:43:33:676 Tx: #00034E2000019339
12:43:33:703 Rx: #00030200014444
12:43:34:216 Tx: #00030006000225DB
12:43:34:231 Rx: #000304000200004B33
12:43:34:238 Tx: #00034E2000019339
12:43:34:262 Rx: #00030200014444
12:43:34:771 Tx: #00030006000225DB
12:43:34:790 Rx: #000304000200004B33
12:43:34:797 Tx: #00034E2000019339
12:43:34:822 Rx: #00030200014444
12:43:35:325 Tx: #00030006000225DB
12:43:35:349 Rx: #000304000200004B33
12:43:35:356 Tx: #00034E2000019339
12:43:35:382 Rx: #00030200014444
12:43:35:831 Tx: #00030006000225DB
12:43:36:454 Rx: #000304000200004B33
12:43:36:461 Tx: #00034E2000019339
12:43:36:485 Rx: #00030200014444
12:43:36:545 Tx: #00030006000225DB
12:43:36:566 Rx: #000304000200004B33
12:43:36:572 Tx: #00034E2000019339
12:43:36:597 Rx: #00030200014444
12:43:37:101 Tx: #00030006000225DB
12:43:37:126 Rx: #000304000200004B33
12:43:37:133 Tx: #00034E2000019339
12:43:37:158 Rx: #00030200014444
12:43:37:658 Tx: #00030006000225DB
12:43:37:670 Rx: #000304000200004B33
12:43:37:676 Tx: #00034E2000019339
12:43:37:701 Rx: #00030200014444
12:43:38:212 Tx: #00030006000225DB
12:43:38:230 Rx: #000304000200004B33
12:43:38:235 Tx: #00034E2000019339
12:43:38:245 Rx: #00030200014444
12:43:38:752 Tx: #00030006000225DB
12:43:38:773 Rx: #000304000200004B33
12:43:38:779 Tx: #00034E2000019339
12:43:38:789 Rx: #00030200014444
12:43:39:289 Tx: #00030006000225DB
12:43:39:301 Rx: #000304000200004B33
12:43:39:306 Tx: #00034E2000019339
12:43:39:317 Rx: #00030200014444
12:43:39:830 Tx: #00030006000225DB
12:43:39:846 Rx: #000304000200004B33
12:43:39:852 Tx: #00034E2000019339
12:43:39:877 Rx: #00030200014444
12:43:40:383 Tx: #00030006000225DB
12:43:40:405 Rx: #000304000200004B33
12:43:40:412 Tx: #00034E2000019339
12:43:40:436 Rx: #00030200014444
12:43:40:890 Tx: #00030006000225DB
12:43:40:900 Rx: #000304000200004B33
12:43:40:907 Tx: #00034E2000019339
12:43:40:934 Rx: #00030200014444
12:43:41:446 Tx: #00030006000225DB
12:43:41:460 Rx: #000304000200004B33
12:43:41:468 Tx: #00034E2000019339
12:43:41:492 Rx: #00030200014444
12:43:41:996 Tx: #00030006000225DB
12:43:42:019 Rx: #000304000200004B33
12:43:42:026 Tx: #00034E2000019339
12:43:42:035 Rx: #00030200014444
12:43:42:042 Rx: #00030200014444
12:43:42:049 Rx: #00030200014444
12:43:42:548 Tx: #00030006000225DB
12:43:42:564 Rx: #000304000200004B33
12:43:42:571 Tx: #00034E2000019339
12:43:42:595 Rx: #00030200014444
12:43:43:104 Tx: #00030006000225DB
12:43:43:124 Rx: #000304000200004B33
12:43:43:133 Tx: #00034E2000019339
12:43:43:155 Rx: #00030200014444
12:43:43:658 Tx: #00030006000225DB
12:43:43:668 Rx: #000304000200004B33
12:43:43:675 Tx: #00034E2000019339
12:43:43:699 Rx: #00030200014444
12:43:44:212 Tx: #00030006000225DB
12:43:44:227 Rx: #000304000200004B33
12:43:44:233 Tx: #00034E2000019339
12:43:44:258 Rx: #00030200014444
12:43:44:767 Tx: #00030006000225DB
12:43:44:787 Rx: #000304000200004B33
12:43:44:794 Tx: #00034E2000019339
12:43:44:819 Rx: #00030200014444
12:43:45:319 Tx: #00030006000225DB
12:43:45:330 Rx: #000304000200004B33
12:43:45:337 Tx: #00034E2000019339
12:43:45:362 Rx: #00030200014444
12:43:45:873 Tx: #00030006000225DB
12:43:45:891 Rx: #000304000200004B33
12:43:45:897 Tx: #00034E2000019339
12:43:45:922 Rx: #00030200014444
12:43:46:412 Tx: #00030006000225DB
12:43:46:435 Rx: #000304000200004B33
12:43:46:441 Tx: #00034E2000019339
12:43:46:465 Rx: #00030200014444
12:43:46:919 Tx: #00030006000225DB
12:43:46:930 Rx: #000304000200004B33
12:43:46:937 Tx: #00034E2000019339
12:43:46:962 Rx: #00030200014444
12:43:47:473 Tx: #00030006000225DB
12:43:47:490 Rx: #000304000200004B33
12:43:47:497 Tx: #00034E2000019339
12:43:47:521 Rx: #00030200014444
12:43:48:030 Tx: #00030006000225DB
12:43:48:050 Rx: #000304000200004B33
12:43:48:057 Tx: #00034E2000019339
12:43:48:082 Rx: #00030200014444
12:43:48:581 Tx: #00030006000225DB
12:43:48:930 Rx: #000304000200004B33
12:43:48:936 Tx: #00034E2000019339
12:43:48:961 Rx: #00030200014444
12:43:49:089 Tx: #00030006000225DB
12:43:49:106 Rx: #000304000200004B33
12:43:49:113 Tx: #00034E2000019339
12:43:49:138 Rx: #00030200014444
12:43:49:643 Tx: #00030006000225DB
12:43:49:665 Rx: #000304000200004B33
12:43:49:673 Tx: #00034E2000019339
12:43:49:697 Rx: #00030200014444
12:43:50:198 Tx: #00030006000225DB
12:43:50:209 Rx: #000304000200004B33
12:43:50:216 Tx: #00034E2000019339
12:43:50:241 Rx: #00030200014444
12:43:50:754 Tx: #00030006000225DB
12:43:50:768 Rx: #000304000200004B33
12:43:50:775 Tx: #00034E2000019339
12:43:50:800 Rx: #00030200014444
12:43:51:311 Tx: #00030006000225DB
12:43:51:327 Rx: #000304000200004B33
12:43:51:335 Tx: #00034E2000019339
12:43:51:360 Rx: #00030200014444
12:43:51:866 Tx: #00030006000225DB
12:43:51:888 Rx: #000304000200004B33
12:43:51:894 Tx: #00034E2000019339
12:43:51:919 Rx: #00030200014444
12:43:52:418 Tx: #00030006000225DB
12:43:52:433 Rx: #000304000200004B33
12:43:52:440 Tx: #00034E2000019339
12:43:52:464 Rx: #00030200014444
12:43:52:973 Tx: #00030006000225DB
12:43:52:992 Rx: #000304000200004B33
12:43:52:999 Tx: #00034E2000019339
12:43:53:632 Rx: #00030200014444
12:43:53:702 Tx: #00030006000225DB
12:43:53:728 Rx: #000304000200004B33
12:43:53:734 Tx: #00034E2000019339
12:43:53:759 Rx: #00030200014444
12:43:54:207 Tx: #00030006000225DB
12:43:54:223 Rx: #000304000200004B33
12:43:54:230 Tx: #00034E2000019339
12:43:54:255 Rx: #00030200014444
12:43:54:763 Tx: #00030006000225DB
12:43:54:783 Rx: #000304000200004B33
12:43:54:790 Tx: #00034E2000019339
12:43:54:814 Rx: #00030200014444
12:43:55:320 Tx: #00030006000225DB
12:43:55:343 Rx: #000304000200004B33
12:43:55:350 Tx: #00034E2000019339
12:43:55:375 Rx: #00030200014444
12:43:55:875 Tx: #00030006000225DB
12:43:55:887 Rx: #000304000200004B33
12:43:55:893 Tx: #00034E2000019339
12:43:55:918 Rx: #00030200014444
12:43:56:431 Tx: #00030006000225DB
12:43:56:446 Rx: #000304000200004B33
12:43:56:453 Tx: #00034E2000019339
12:43:56:478 Rx: #00030200014444
12:43:56:987 Tx: #00030006000225DB
12:43:57:006 Rx: #000304000200004B33
12:43:57:013 Tx: #00034E2000019339
12:43:57:038 Rx: #00030200014444
12:43:57:540 Tx: #00030006000225DB
12:43:57:566 Rx: #000304000200004B33
12:43:57:572 Tx: #00034E2000019339
12:43:57:598 Rx: #00030200014444
12:43:58:051 Tx: #00030006000225DB
12:43:58:062 Rx: #000304000200004B33
12:43:58:069 Tx: #00034E2000019339
12:43:58:094 Rx: #00030200014444
12:43:58:607 Tx: #00030006000225DB
12:43:58:622 Rx: #000304000200004B33
12:43:58:628 Tx: #00034E2000019339
12:43:58:653 Rx: #00030200014444
12:43:59:161 Tx: #00030006000225DB
12:43:59:181 Rx: #000304000200004B33
12:43:59:188 Tx: #00034E2000019339
12:43:59:213 Rx: #00030200014444
12:43:59:716 Tx: #00030006000225DB
12:43:59:725 Rx: #000304000200004B33
12:43:59:731 Rx: #000304000200004B33
12:43:59:731 Tx: #00034E2000019339
12:43:59:738 Rx: #000304000200004B33
12:43:59:757 Rx: #00030200014444
12:44:00:252 Tx: #00030006000225DB
12:44:00:269 Rx: #000304000200004B33
12:44:00:276 Tx: #00034E2000019339
12:44:00:300 Rx: #00030200014444
12:44:00:807 Tx: #00030006000225DB
12:44:00:829 Rx: #000304000200004B33
12:44:00:836 Tx: #00034E2000019339
12:44:00:861 Rx: #00030200014444
12:44:01:357 Tx: #00030006000225DB
12:44:01:373 Rx: #000304000200004B33
12:44:01:379 Tx: #00034E2000019339
12:44:01:404 Rx: #00030200014444
12:44:01:910 Tx: #00030006000225DB
12:44:01:933 Rx: #000304000200004B33
12:44:01:940 Tx: #00034E2000019339
12:44:01:965 Rx: #00030200014444
12:44:02:464 Tx: #00030006000225DB
12:44:02:477 Rx: #000304000200004B33
12:44:02:483 Tx: #00034E2000019339
12:44:02:508 Rx: #00030200014444
12:44:03:021 Tx: #00030006000225DB
12:44:03:036 Rx: #000304000200004B33
12:44:03:043 Tx: #00034E2000019339
12:44:03:068 Rx: #00030200014444
12:44:03:579 Tx: #00030006000225DB
12:44:03:612 Rx: #000304000200004B33
12:44:03:619 Tx: #00034E2000019339
12:44:03:644 Rx: #00030200014444
12:44:04:088 Tx: #00030006000225DB
12:44:04:108 Rx: #000304000200004B33
12:44:04:115 Tx: #00034E2000019339
12:44:04:140 Rx: #00030200014444
12:44:04:644 Tx: #00030006000225DB
12:44:04:668 Rx: #000304000200004B33
12:44:04:675 Tx: #00034E2000019339
12:44:04:700 Rx: #00030200014444
12:44:05:152 Tx: #00030006000225DB
12:44:05:164 Rx: #000304000200004B33
12:44:05:170 Tx: #00034E2000019339
12:44:05:195 Rx: #00030200014444
12:44:05:706 Tx: #00030006000225DB
12:44:05:723 Rx: #000304000200004B33
12:44:05:730 Tx: #00034E2000019339
12:44:05:756 Rx: #00030200014444
12:44:06:259 Tx: #00030006000225DB
12:44:06:282 Rx: #000304000200004B33
12:44:06:289 Tx: #00034E2000019339
12:44:06:314 Rx: #00030200014444
12:44:06:763 Tx: #00030006000225DB
12:44:06:779 Rx: #000304000200004B33
12:44:06:786 Tx: #00034E2000019339
12:44:06:810 Rx: #00030200014444
12:44:07:318 Tx: #00030006000225DB
12:44:07:338 Rx: #000304000200004B33
12:44:07:344 Tx: #00034E2000019339
12:44:07:370 Rx: #00030200014444
12:44:07:872 Tx: #00030006000225DB
12:44:07:883 Rx: #000304000200004B33
12:44:07:889 Tx: #00034E2000019339
12:44:07:914 Rx: #00030200014444
12:44:08:429 Tx: #00030006000225DB
12:44:08:442 Rx: #000304000200004B33
12:44:08:449 Tx: #00034E2000019339
12:44:08:474 Rx: #00030200014444
12:44:08:981 Tx: #00030006000225DB
12:44:09:001 Rx: #000304000200004B33
12:44:09:007 Tx: #00034E2000019339
12:44:09:017 Rx: #00030200014444
12:44:09:521 Tx: #00030006000225DB
12:44:09:546 Rx: #000304000200004B33
12:44:09:551 Tx: #00034E2000019339
12:44:09:562 Rx: #00030200014444
12:44:10:076 Tx: #00030006000225DB
12:44:10:090 Rx: #000304000200004B33
12:44:10:095 Tx: #00034E2000019339
12:44:10:106 Rx: #00030200014444
12:44:10:614 Tx: #00030006000225DB
12:44:11:242 Rx: #000304000200004B33
12:44:11:248 Tx: #00034E2000019339
12:44:11:272 Rx: #00030200014444
12:44:11:341 Tx: #00030006000225DB
12:44:11:369 Rx: #000304000200004B33
12:44:11:376 Tx: #00034E2000019339
12:44:11:401 Rx: #00030200014444
12:44:11:850 Tx: #00030006000225DB
12:44:11:865 Rx: #000304000200004B33
12:44:11:872 Tx: #00034E2000019339
12:44:11:896 Rx: #00030200014444
12:44:12:404 Tx: #00030006000225DB
12:44:12:424 Rx: #000304000200004B33
12:44:12:432 Tx: #00034E2000019339
12:44:12:457 Rx: #00030200014444
12:44:12:958 Tx: #00030006000225DB
12:44:12:985 Rx: #000304000200004B33
12:44:12:992 Tx: #00034E2000019339
12:44:13:016 Rx: #00030200014444
12:44:13:465 Tx: #00030006000225DB
12:44:13:481 Rx: #000304000200004B33
12:44:13:487 Tx: #00034E2000019339
12:44:13:512 Rx: #00030200014444
12:44:14:018 Tx: #00030006000225DB
12:44:14:040 Rx: #000304000200004B33
12:44:14:048 Tx: #00034E2000019339
12:44:14:072 Rx: #00030200014444
12:44:14:574 Tx: #00030006000225DB
12:44:14:583 Rx: #000304000200004B33
12:44:14:590 Tx: #00034E2000019339
12:44:14:616 Rx: #00030200014444
12:44:15:127 Tx: #00030006000225DB
12:44:15:143 Rx: #000304000200004B33
12:44:15:152 Tx: #00034E2000019339
12:44:15:176 Rx: #00030200014444
12:44:15:680 Tx: #00030006000225DB
12:44:15:703 Rx: #000304000200004B33
12:44:15:710 Tx: #00034E2000019339
12:44:15:736 Rx: #00030200014444
12:44:16:188 Tx: #00030006000225DB
12:44:16:199 Rx: #000304000200004B33
12:44:16:206 Tx: #00034E2000019339
12:44:16:231 Rx: #00030200014444
12:44:16:743 Tx: #00030006000225DB
12:44:16:759 Rx: #000304000200004B33
12:44:16:765 Tx: #00034E2000019339
12:44:16:790 Rx: #00030200014444
12:44:17:293 Tx: #00030006000225DB
12:44:17:318 Rx: #000304000200004B33
12:44:17:325 Tx: #00034E2000019339
12:44:17:350 Rx: #00030200014444
12:44:17:799 Tx: #00030006000225DB
12:44:17:814 Rx: #000304000200004B33
12:44:17:822 Tx: #00034E2000019339
12:44:17:846 Rx: #00030200014444
12:44:18:354 Tx: #00030006000225DB
12:44:18:374 Rx: #000304000200004B33
12:44:18:381 Tx: #00034E2000019339
12:44:18:406 Rx: #00030200014444
12:44:18:909 Tx: #00030006000225DB
12:44:18:918 Rx: #000304000200004B33
12:44:18:926 Tx: #00034E2000019339
12:44:18:950 Rx: #00030200014444
12:44:19:464 Tx: #00030006000225DB
12:44:19:478 Rx: #000304000200004B33
12:44:19:485 Tx: #00034E2000019339
12:44:19:510 Rx: #00030200014444
12:44:20:018 Tx: #00030006000225DB
12:44:20:038 Rx: #000304000200004B33
12:44:20:044 Tx: #00034E2000019339
12:44:20:070 Rx: #00030200014444
12:44:20:572 Tx: #00030006000225DB
12:44:20:582 Rx: #000304000200004B33
12:44:20:588 Tx: #00034E2000019339
12:44:20:613 Rx: #00030200014444
12:44:21:127 Tx: #00030006000225DB
12:44:21:142 Rx: #000304000200004B33
12:44:21:149 Tx: #00034E2000019339
12:44:21:173 Rx: #00030200014444
12:44:21:840 Tx: #00030006000225DB
12:44:21:861 Rx: #000304000200004B33
12:44:21:868 Tx: #00034E2000019339
12:44:21:893 Rx: #00030200014444
12:44:22:394 Tx: #00030006000225DB
12:44:22:406 Rx: #000304000200004B33
12:44:22:412 Tx: #00034E2000019339
12:44:22:437 Rx: #00030200014444
12:44:22:949 Tx: #00030006000225DB
12:44:22:965 Rx: #000304000200004B33
12:44:22:972 Tx: #00034E2000019339
12:44:22:997 Rx: #00030200014444
12:44:23:506 Tx: #00030006000225DB
12:44:23:525 Rx: #000304000200004B33
12:44:23:532 Tx: #00034E2000019339
12:44:23:557 Rx: #00030200014444
12:44:24:062 Tx: #00030006000225DB
12:44:24:085 Rx: #000304000200004B33
12:44:24:091 Tx: #00034E2000019339
12:44:24:116 Rx: #00030200014444
12:44:24:568 Tx: #00030006000225DB
12:44:24:580 Rx: #000304000200004B33
12:44:24:587 Tx: #00034E2000019339
12:44:24:612 Rx: #00030200014444
12:44:25:121 Tx: #00030006000225DB
12:44:25:140 Rx: #000304000200004B33
12:44:25:147 Tx: #00034E2000019339
12:44:25:172 Rx: #00030200014444
12:44:25:676 Tx: #00030006000225DB
12:44:25:700 Rx: #000304000200004B33
12:44:25:707 Tx: #00034E2000019339
12:44:25:732 Rx: #00030200014444
12:44:26:182 Tx: #00030006000225DB
12:44:26:195 Rx: #000304000200004B33
12:44:26:202 Tx: #00034E2000019339
12:44:26:227 Rx: #00030200014444
12:44:26:738 Tx: #00030006000225DB
12:44:26:755 Rx: #000304000200004B33
12:44:26:761 Tx: #00034E2000019339
12:44:26:787 Rx: #00030200014444
12:44:27:291 Tx: #00030006000225DB
12:44:27:315 Rx: #000304000200004B33
12:44:27:322 Tx: #00034E2000019339
12:44:27:348 Rx: #00030200014444
12:44:27:797 Tx: #00030006000225DB
12:44:27:811 Rx: #000304000200004B33
12:44:27:818 Tx: #00034E2000019339
12:44:27:843 Rx: #00030200014444
12:44:28:352 Tx: #00030006000225DB
12:44:28:979 Rx: #000304000200004B33
12:44:28:985 Tx: #00034E2000019339
12:44:29:011 Rx: #00030200014444
12:44:29:067 Tx: #00030006000225DB
12:44:29:092 Rx: #000304000200004B33
12:44:29:099 Tx: #00034E2000019339
12:44:29:122 Rx: #00030200014444
12:44:29:570 Tx: #00030006000225DB
12:44:29:586 Rx: #000304000200004B33
12:44:29:593 Tx: #00034E2000019339
12:44:29:618 Rx: #00030200014444
12:44:30:126 Tx: #00030006000225DB
12:44:30:146 Rx: #000304000200004B33
12:44:30:153 Tx: #00034E2000019339
12:44:30:177 Rx: #00030200014444
12:44:30:678 Tx: #00030006000225DB
12:44:30:690 Rx: #000304000200004B33
12:44:30:696 Tx: #00034E2000019339
12:44:30:721 Rx: #00030200014444
12:44:31:233 Tx: #00030006000225DB
12:44:31:249 Rx: #000304000200004B33
12:44:31:256 Tx: #00034E2000019339
12:44:31:281 Rx: #00030200014444
12:44:31:788 Tx: #00030006000225DB
12:44:31:809 Rx: #000304000200004B33
12:44:31:816 Tx: #00034E2000019339
12:44:31:841 Rx: #00030200014444
12:44:32:347 Tx: #00030006000225DB
12:44:32:369 Rx: #000304000200004B33
12:44:32:376 Tx: #00034E2000019339
12:44:32:401 Rx: #00030200014444
12:44:32:898 Tx: #00030006000225DB
12:44:32:913 Rx: #000304000200004B33
12:44:32:920 Tx: #00034E2000019339
12:44:32:944 Rx: #00030200014444
12:44:33:452 Tx: #00030006000225DB
12:44:33:473 Rx: #000304000200004B33
12:44:33:480 Tx: #00034E2000019339
12:44:33:505 Rx: #00030200014444
12:44:34:008 Tx: #00030006000225DB
12:44:34:033 Rx: #000304000200004B33
12:44:34:039 Tx: #00034E2000019339
12:44:34:065 Rx: #00030200014444
12:44:34:515 Tx: #00030006000225DB
12:44:34:528 Rx: #000304000200004B33
12:44:34:536 Tx: #00034E2000019339
12:44:34:560 Rx: #00030200014444
12:44:35:069 Tx: #00030006000225DB
12:44:35:088 Rx: #000304000200004B33
12:44:35:094 Tx: #00034E2000019339
12:44:35:119 Rx: #00030200014444
12:44:35:622 Tx: #00030006000225DB
12:44:35:647 Rx: #000304000200004B33
12:44:35:658 Tx: #00034E2000019339
12:44:35:679 Rx: #00030200014444
12:44:36:129 Tx: #00030006000225DB
12:44:36:143 Rx: #000304000200004B33
12:44:36:150 Tx: #00034E2000019339
12:44:36:176 Rx: #00030200014444
12:44:36:685 Tx: #00030006000225DB
12:44:36:703 Rx: #000304000200004B33
12:44:36:711 Tx: #00034E2000019339
12:44:36:736 Rx: #00030200014444
12:44:37:239 Tx: #00030006000225DB
12:44:37:263 Rx: #000304000200004B33
12:44:37:270 Tx: #00034E2000019339
12:44:37:295 Rx: #00030200014444
12:44:37:748 Tx: #00030006000225DB
12:44:37:759 Rx: #000304000200004B33
12:44:37:766 Tx: #00034E2000019339
12:44:37:792 Rx: #00030200014444
12:44:38:303 Tx: #00030006000225DB
12:44:38:319 Rx: #000304000200004B33
12:44:38:326 Tx: #00034E2000019339
12:44:38:351 Rx: #00030200014444
12:44:38:857 Tx: #00030006000225DB
12:44:38:879 Rx: #000304000200004B33
12:44:38:886 Tx: #00034E2000019339
12:44:38:910 Rx: #00030200014444
12:44:39:365 Tx: #00030006000225DB
12:44:39:375 Rx: #000304000200004B33
12:44:39:381 Tx: #00034E2000019339
12:44:39:406 Rx: #00030200014444
12:44:39:920 Tx: #00030006000225DB
12:44:39:934 Rx: #000304000200004B33
12:44:39:941 Tx: #00034E2000019339
12:44:39:966 Rx: #00030200014444
12:44:40:475 Tx: #00030006000225DB
12:44:40:494 Rx: #000304000200004B33
12:44:40:500 Tx: #00034E2000019339
12:44:40:510 Rx: #00030200014444
12:44:41:010 Tx: #00030006000225DB
12:44:41:022 Rx: #000304000200004B33
12:44:41:029 Tx: #00034E2000019339
12:44:41:053 Rx: #00030200014444
12:44:41:563 Tx: #00030006000225DB
12:44:41:581 Rx: #000304000200004B33
12:44:41:587 Tx: #00034E2000019339
12:44:41:598 Rx: #00030200014444
12:44:42:103 Tx: #00030006000225DB
12:44:42:125 Rx: #000304000200004B33
12:44:42:131 Tx: #00034E2000019339
12:44:42:157 Rx: #00030200014444
12:44:42:610 Tx: #00030006000225DB
12:44:42:621 Rx: #000304000200004B33
12:44:42:629 Tx: #00034E2000019339
12:44:42:654 Rx: #00030200014444
12:44:43:166 Tx: #00030006000225DB
12:44:43:181 Rx: #000304000200004B33
12:44:43:188 Tx: #00034E2000019339
12:44:43:213 Rx: #00030200014444
12:44:43:721 Tx: #00030006000225DB
12:44:43:741 Rx: #000304000200004B33
12:44:43:749 Tx: #00034E2000019339
12:44:43:774 Rx: #00030200014444
12:44:44:275 Tx: #00030006000225DB
12:44:44:301 Rx: #000304000200004B33
12:44:44:308 Tx: #00034E2000019339
12:44:44:333 Rx: #00030200014444
12:44:44:783 Tx: #00030006000225DB
12:44:44:797 Rx: #000304000200004B33
12:44:44:803 Tx: #00034E2000019339
12:44:44:829 Rx: #00030200014444
12:44:45:337 Tx: #00030006000225DB
12:44:45:356 Rx: #000304000200004B33
12:44:45:363 Tx: #00034E2000019339
12:44:45:388 Rx: #00030200014444
12:44:45:887 Tx: #00030006000225DB
12:44:46:508 Rx: #000304000200004B33
12:44:46:518 Tx: #00034E2000019339
12:44:46:540 Rx: #00030200014444
12:44:46:601 Tx: #00030006000225DB
12:44:46:620 Rx: #000304000200004B33
12:44:46:627 Tx: #00034E2000019339
12:44:46:653 Rx: #00030200014444
12:44:47:156 Tx: #00030006000225DB
12:44:47:180 Rx: #000304000200004B33
12:44:47:186 Tx: #00034E2000019339
12:44:47:211 Rx: #00030200014444
12:44:47:657 Tx: #00030006000225DB
12:44:47:676 Rx: #000304000200004B33
12:44:47:683 Tx: #00034E2000019339
12:44:47:708 Rx: #00030200014444
12:44:48:211 Tx: #00030006000225DB
12:44:48:236 Rx: #000304000200004B33
12:44:48:242 Tx: #00034E2000019339
12:44:48:267 Rx: #00030200014444
12:44:48:719 Tx: #00030006000225DB
12:44:48:731 Rx: #000304000200004B33
12:44:48:738 Tx: #00034E2000019339
12:44:48:763 Rx: #00030200014444
12:44:49:270 Tx: #00030006000225DB
12:44:49:292 Rx: #000304000200004B33
12:44:49:298 Tx: #00034E2000019339
12:44:49:323 Rx: #00030200014444
12:44:49:775 Tx: #00030006000225DB
12:44:49:787 Rx: #000304000200004B33
12:44:49:794 Tx: #00034E2000019339
12:44:49:819 Rx: #00030200014444
12:44:50:330 Tx: #00030006000225DB
12:44:50:347 Rx: #000304000200004B33
12:44:50:353 Tx: #00034E2000019339
12:44:50:378 Rx: #00030200014444
12:44:50:884 Tx: #00030006000225DB
12:44:50:907 Rx: #000304000200004B33
12:44:50:914 Tx: #00034E2000019339
12:44:50:939 Rx: #00030200014444
12:44:51:389 Tx: #00030006000225DB
12:44:51:403 Rx: #000304000200004B33
12:44:51:409 Tx: #00034E2000019339
12:44:51:434 Rx: #00030200014444
12:44:51:943 Tx: #00030006000225DB
12:44:51:962 Rx: #000304000200004B33
12:44:51:969 Tx: #00034E2000019339
12:44:51:994 Rx: #00030200014444
12:44:52:497 Tx: #00030006000225DB
12:44:52:522 Rx: #000304000200004B33
12:44:52:528 Tx: #00034E2000019339
12:44:52:554 Rx: #00030200014444
12:44:53:006 Tx: #00030006000225DB
12:44:53:018 Rx: #000304000200004B33
12:44:53:025 Tx: #00034E2000019339
12:44:53:050 Rx: #00030200014444
12:44:53:559 Tx: #00030006000225DB
12:44:53:578 Rx: #000304000200004B33
12:44:53:585 Tx: #00034E2000019339
12:44:53:611 Rx: #00030200014444
12:44:54:108 Tx: #00030006000225DB
12:44:54:122 Rx: #000304000200004B33
12:44:54:129 Tx: #00034E2000019339
12:44:54:154 Rx: #00030200014444
12:44:54:659 Tx: #00030006000225DB
12:44:55:001 Rx: #000304000200004B33
12:44:55:008 Tx: #00034E2000019339
12:44:55:033 Rx: #00030200014444
12:44:55:101 Tx: #0010006400102000000001000200030004FFFFFFFFFFFFFFFFFFFFFFFFFFFFFFFFFFFFFFFFFFFF3957
12:44:55:129 Rx: #00100064001081CB
12:44:56:311 Tx: #00030006000225DB
12:44:56:329 Rx: #000304000200004B33
12:44:56:335 Tx: #00034E2000019339
12:44:56:345 Rx: #00030200014444
12:44:56:569 DBG: EEPROM: Writing indoor 0
12:44:56:616 DBG: EEPROM: Writing indoor 1
12:44:56:681 DBG: EEPROM: Writing indoor 2
12:44:56:729 DBG: EEPROM: Writing indoor 3
12:44:56:777 DBG: EEPROM: Writing indoor 4
12:44:56:841 DBG: EEPROM: Writing indoor 5
12:44:56:852 Tx: #00030006000225DB
12:44:56:873 Rx: #000304000200004B33
12:44:56:880 Tx: #00034E2000019339
12:44:56:888 DBG: EEPROM: Writing indoor 6
12:44:56:904 Rx: #00030200014444
12:44:56:953 DBG: EEPROM: Writing indoor 7
12:44:57:001 DBG: EEPROM: Writing indoor 8
12:44:57:065 DBG: EEPROM: Writing indoor 9
12:44:57:113 DBG: EEPROM: Writing indoor 10
12:44:57:177 DBG: EEPROM: Writing indoor 11
12:44:57:225 DBG: EEPROM: Writing indoor 12
12:44:57:273 DBG: EEPROM: Writing indoor 13
12:44:57:336 DBG: EEPROM: Writing indoor 14
12:44:57:384 DBG: EEPROM: Writing indoor 15
12:44:57:403 Tx: #00030006000225DB
12:44:57:417 Rx: #000304000200004B33
12:44:57:423 Tx: #00034E2000019339
12:44:57:449 DBG: EEPROM: Writing indoor 16
12:44:57:455 Rx: #00030200014444
12:44:57:959 Tx: #00030006000225DB
12:44:57:976 Rx: #000304000200004B33
12:44:57:983 Tx: #00034E2000019339
12:44:57:993 Rx: #00030200014444
12:44:58:499 Tx: #00030006000225DB
12:44:58:520 Rx: #000304000200004B33
12:44:58:527 Tx: #00034E2000019339
12:44:58:552 Rx: #00030200014444
12:44:59:055 Tx: #00030006000225DB
12:44:59:064 Rx: #000304000200004B33
12:44:59:070 Tx: #00034E2000019339
12:44:59:080 Rx: #00030200014444
12:44:59:593 Tx: #00030006000225DB
12:44:59:608 Rx: #000304000200004B33
12:44:59:614 Tx: #00034E2000019339
12:44:59:623 Rx: #00030200014444
12:45:00:132 Tx: #00030006000225DB
12:45:00:153 Rx: #000304000200004B33
12:45:00:159 Tx: #00034E2000019339
12:45:00:183 Rx: #00030200014444
12:45:00:685 Tx: #00030006000225DB
12:45:00:696 Rx: #000304000200004B33
12:45:00:701 Tx: #00034E2000019339
12:45:00:711 Rx: #00030200014444
12:45:01:219 Tx: #00030006000225DB
12:45:01:240 Rx: #000304000200004B33
12:45:01:245 Tx: #00034E2000019339
12:45:01:271 Rx: #00030200014444
12:45:01:777 Tx: #00030006000225DB
12:45:01:800 Rx: #000304000200004B33
12:45:02:415 Tx: #00034E2000019339
12:45:02:439 Rx: #00030200014444
12:45:02:508 Tx: #00030006000225DB
12:45:02:519 Rx: #000304000200004B33
12:45:02:525 Tx: #00034E2000019339
12:45:02:535 Rx: #00030200014444
12:45:03:047 Tx: #00030006000225DB
12:45:03:063 Rx: #000304000200004B33
12:45:03:070 Tx: #00034E2000019339
12:45:03:094 Rx: #00030200014444
12:45:03:602 Tx: #00030006000225DB
12:45:03:623 Rx: #000304000200004B33
12:45:03:629 Tx: #00034E2000019339
12:45:03:639 Rx: #00030200014444
12:45:04:142 Tx: #00030006000225DB
12:45:04:166 Rx: #000304000200004B33
12:45:04:172 Tx: #00034E2000019339
12:45:04:182 Rx: #00030200014444
12:45:04:699 Tx: #00030006000225DB
12:45:04:710 Rx: #000304000200004B33
12:45:04:716 Tx: #00034E2000019339
12:45:04:726 Rx: #00030200014444
12:45:05:239 Tx: #00030006000225DB
12:45:05:255 Rx: #000304000200004B33
12:45:05:261 Tx: #00034E2000019339
12:45:05:286 Rx: #00030200014444
12:45:05:796 Tx: #00030006000225DB
12:45:05:813 Rx: #000304000200004B33
12:45:05:819 Tx: #00034E2000019339
12:45:05:829 Rx: #00030200014444
12:45:06:335 Tx: #00030006000225DB
12:45:06:357 Rx: #000304000200004B33
12:45:06:363 Tx: #00034E2000019339
12:45:06:373 Rx: #00030200014444
12:45:06:875 Tx: #00030006000225DB
12:45:06:885 Rx: #000304000200004B33
12:45:06:891 Tx: #00034E2000019339
12:45:06:901 Rx: #00030200014444
12:45:07:413 Tx: #00030006000225DB
12:45:07:429 Rx: #000304000200004B33
12:45:07:435 Tx: #00034E2000019339
12:45:07:445 Rx: #00030200014444
12:45:07:953 Tx: #00030006000225DB
12:45:07:973 Rx: #000304000200004B33
12:45:07:979 Tx: #00034E2000019339
12:45:07:989 Rx: #00030200014444
12:45:08:495 Tx: #00030006000225DB
12:45:08:517 Rx: #000304000200004B33
12:45:08:523 Tx: #00034E2000019339
12:45:08:548 Rx: #00030200014444
12:45:09:052 Tx: #00030006000225DB
12:45:09:061 Rx: #000304000200004B33
12:45:09:067 Tx: #00034E2000019339
12:45:09:077 Rx: #00030200014444
12:45:09:574 Tx: #00030006000225DB
12:45:09:588 Rx: #000304000200004B33
12:45:09:593 Tx: #00034E2000019339
12:45:09:604 Rx: #00030200014444
12:45:10:112 Tx: #00030006000225DB
12:45:10:132 Rx: #000304000200004B33
12:45:10:136 Tx: #00034E2000019339
12:45:10:148 Rx: #00030200014444
12:45:10:651 Tx: #00030006000225DB
12:45:10:665 Rx: #000304000200004B33
12:45:10:669 Tx: #00034E2000019339
12:45:10:691 Rx: #00030200014444
12:45:11:190 Tx: #00030006000225DB
12:45:11:204 Rx: #000304000200004B33
12:45:11:211 Tx: #00034E2000019339
12:45:11:236 Rx: #00030200014444
12:45:11:745 Tx: #00030006000225DB
12:45:11:764 Rx: #000304000200004B33
12:45:11:770 Tx: #00034E2000019339
12:45:11:796 Rx: #00030200014444
12:45:12:298 Tx: #00030006000225DB
12:45:12:307 Rx: #000304000200004B33
12:45:12:314 Tx: #00034E2000019339
12:45:12:339 Rx: #00030200014444
12:45:12:857 Tx: #00030006000225DB
12:45:12:867 Rx: #000304000200004B33
12:45:12:874 Tx: #00034E2000019339
12:45:12:901 Rx: #00030200014444
12:45:13:413 Tx: #00030006000225DB
12:45:13:427 Rx: #000304000200004B33
12:45:13:432 Tx: #00034E2000019339
12:45:13:442 Rx: #00030200014444
12:45:13:955 Tx: #00030006000225DB
12:45:13:970 Rx: #000304000200004B33
12:45:13:976 Tx: #00034E2000019339
12:45:13:986 Rx: #00030200014444
12:45:14:496 Tx: #00030006000225DB
12:45:14:515 Rx: #000304000200004B33
12:45:14:521 Tx: #00034E2000019339
12:45:14:531 Rx: #00030200014444
12:45:15:036 Tx: #00030006000225DB
12:45:15:059 Rx: #000304000200004B33
12:45:15:065 Tx: #00034E2000019339
12:45:15:075 Rx: #00030200014444
12:45:15:573 Tx: #00030006000225DB
12:45:15:586 Rx: #000304000200004B33
12:45:15:592 Tx: #00034E2000019339
12:45:15:602 Rx: #00030200014444
12:45:16:115 Tx: #00030006000225DB
12:45:16:130 Rx: #000304000200004B33
12:45:16:135 Tx: #00034E2000019339
12:45:16:146 Rx: #00030200014444
12:45:16:655 Tx: #00030006000225DB
12:45:16:674 Rx: #000304000200004B33
12:45:16:680 Tx: #00034E2000019339
12:45:16:690 Rx: #00030200014444
12:45:17:192 Tx: #00030006000225DB
12:45:17:201 Rx: #000304000200004B33
12:45:17:207 Tx: #00034E2000019339
12:45:17:217 Rx: #00030200014444
12:45:17:733 Tx: #00030006000225DB
12:45:17:746 Rx: #000304000200004B33
12:45:17:751 Tx: #00034E2000019339
12:45:17:762 Rx: #00030200014444
12:45:18:273 Tx: #00030006000225DB
12:45:18:289 Rx: #000304000200004B33
12:45:18:295 Tx: #00034E2000019339
12:45:18:305 Rx: #00030200014444
12:45:18:811 Tx: #00030006000225DB
12:45:18:833 Rx: #000304000200004B33
12:45:18:839 Tx: #00034E2000019339
12:45:18:849 Rx: #00030200014444
12:45:19:350 Tx: #00030006000225DB
12:45:19:361 Rx: #000304000200004B33
12:45:19:976 Tx: #00034E2000019339
12:45:20:001 Rx: #00030200014444
12:45:20:062 Tx: #00030006000225DB
12:45:20:080 Rx: #000304000200004B33
12:45:20:086 Tx: #00034E2000019339
12:45:20:096 Rx: #00030200014444
12:45:20:604 Tx: #00030006000225DB
12:45:20:624 Rx: #000304000200004B33
12:45:20:630 Tx: #00034E2000019339
12:45:20:640 Rx: #00030200014444
12:45:21:141 Tx: #00030006000225DB
12:45:21:152 Rx: #000304000200004B33
12:45:21:157 Tx: #00034E2000019339
12:45:21:168 Rx: #00030200014444
12:45:21:681 Tx: #00030006000225DB
12:45:21:696 Rx: #000304000200004B33
12:45:21:702 Tx: #00034E2000019339
12:45:21:712 Rx: #00030200014444
12:45:22:219 Tx: #00030006000225DB
12:45:22:240 Rx: #000304000200004B33
12:45:22:245 Tx: #00034E2000019339
12:45:22:256 Rx: #00030200014444
12:45:22:759 Tx: #00030006000225DB
12:45:22:768 Rx: #000304000200004B33
12:45:22:774 Tx: #00034E2000019339
12:45:22:784 Rx: #00030200014444
12:45:23:299 Tx: #00030006000225DB
12:45:23:311 Rx: #000304000200004B33
12:45:23:317 Tx: #00034E2000019339
12:45:23:327 Rx: #00030200014444
12:45:23:648 Tx: #0003006400400434
12:45:23:696 Rx: #00038000000001000200030004FFFFFFFFFFFFFFFFFFFFFFFFFFFFFFFFFFFFFFFFFFFFFFFFFFFFFFFFFFFFFFFFFFFFFFFFFFFFFFFFFFFFFFFFFFFFFFFFFFFFFFFFFFFFFFFFFFFFFFFFFFFFFFFFFFFFFFFFFFFFFFFFFFFFFFFFFFFFFFFFFFFFFFFFFFFFFFFFFFFFFFFFFFFFFFFFFFFFFFFFFFFFFFFFFFFFFFFFFFFFFFFFFFFFFFFFFFFF5959
12:45:23:979 Tx: #00030006000225DB
12:45:23:997 Rx: #000304000200004B33
12:45:24:012 Tx: #00034E2000019339
12:45:24:029 Rx: #00030200014444
12:45:24:406 Tx: #0003006400400434
12:45:24:454 Rx: #00038000000001000200030004FFFFFFFFFFFFFFFFFFFFFFFFFFFFFFFFFFFFFFFFFFFFFFFFFFFFFFFFFFFFFFFFFFFFFFFFFFFFFFFFFFFFFFFFFFFFFFFFFFFFFFFFFFFFFFFFFFFFFFFFFFFFFFFFFFFFFFFFFFFFFFFFFFFFFFFFFFFFFFFFFFFFFFFFFFFFFFFFFFFFFFFFFFFFFFFFFFFFFFFFFFFFFFFFFFFFFFFFFFFFFFFFFFFFFFFFFFFF5959
12:45:24:742 Tx: #00030006000225DB
12:45:24:755 Rx: #000304000200004B33
12:45:24:761 Tx: #00034E2000019339
12:45:24:770 Rx: #00030200014444
12:45:25:279 Tx: #00030006000225DB
12:45:25:298 Rx: #000304000200004B33
12:45:25:304 Tx: #00034E2000019339
12:45:25:314 Rx: #00030200014444
12:45:25:814 Tx: #00030006000225DB
12:45:25:826 Rx: #000304000200004B33
12:45:25:832 Tx: #00034E2000019339
12:45:26:450 Rx: #00030200014444
12:45:26:513 Tx: #00030006000225DB
12:45:26:531 Rx: #000304000200004B33
12:45:26:537 Tx: #00034E2000019339
12:45:26:563 Rx: #00030200014444
12:45:27:067 Tx: #00030006000225DB
12:45:27:090 Rx: #000304000200004B33
12:45:27:096 Tx: #00034E2000019339
12:45:27:106 Rx: #00030200014444
12:45:27:606 Tx: #00030006000225DB
12:45:27:617 Rx: #000304000200004B33
12:45:27:624 Tx: #00034E2000019339
12:45:27:650 Rx: #00030200014444
12:45:28:159 Tx: #00030006000225DB
12:45:28:177 Rx: #000304000200004B33
12:45:28:183 Tx: #00034E2000019339
12:45:28:193 Rx: #00030200014444
12:45:28:700 Tx: #00030006000225DB
12:45:28:721 Rx: #000304000200004B33
12:45:28:727 Tx: #00034E2000019339
12:45:28:737 Rx: #00030200014444
12:45:29:237 Tx: #00030006000225DB
12:45:29:249 Rx: #000304000200004B33
12:45:29:255 Tx: #00034E2000019339
12:45:29:266 Rx: #00030200014444
12:45:29:778 Tx: #00030006000225DB
12:45:29:793 Rx: #000304000200004B33
12:45:29:798 Tx: #00034E2000019339
12:45:29:809 Rx: #00030200014444
12:45:30:314 Tx: #00030006000225DB
12:45:30:337 Rx: #000304000200004B33
12:45:30:343 Tx: #00034E2000019339
12:45:30:353 Rx: #00030200014444
12:45:30:870 Tx: #00030006000225DB
12:45:30:880 Rx: #000304000200004B33
12:45:30:886 Tx: #00034E2000019339
12:45:30:896 Rx: #00030200014444
12:45:31:406 Tx: #00030006000225DB
12:45:31:424 Rx: #000304000200004B33
12:45:31:430 Tx: #00034E2000019339
12:45:31:440 Rx: #00030200014444
12:45:31:946 Tx: #00030006000225DB
12:45:31:968 Rx: #000304000200004B33
12:45:31:974 Tx: #00034E2000019339
12:45:31:984 Rx: #00030200014444
12:45:32:484 Tx: #00030006000225DB
12:45:32:496 Rx: #000304000200004B33
12:45:32:502 Tx: #00034E2000019339
12:45:32:512 Rx: #00030200014444
12:45:33:024 Tx: #00030006000225DB
12:45:33:040 Rx: #000304000200004B33
12:45:33:045 Tx: #00034E2000019339
12:45:33:056 Rx: #00030200014444
12:45:33:562 Tx: #00030006000225DB
12:45:33:584 Rx: #000304000200004B33
12:45:33:590 Tx: #00034E2000019339
12:45:33:600 Rx: #00030200014444
12:45:34:104 Tx: #00030006000225DB
12:45:34:127 Rx: #000304000200004B33
12:45:34:133 Tx: #00034E2000019339
12:45:34:143 Rx: #00030200014444
12:45:34:646 Tx: #00030006000225DB
12:45:34:655 Rx: #000304000200004B33
12:45:34:661 Tx: #00034E2000019339
12:45:34:671 Rx: #00030200014444
12:45:35:186 Tx: #00030006000225DB
12:45:35:198 Rx: #000304000200004B33
12:45:35:204 Tx: #00034E2000019339
12:45:35:214 Rx: #00030200014444
12:45:35:723 Tx: #00030006000225DB
12:45:35:742 Rx: #000304000200004B33
12:45:35:749 Tx: #00034E2000019339
12:45:35:758 Rx: #00030200014444
12:45:36:264 Tx: #00030006000225DB
12:45:36:287 Rx: #000304000200004B33
12:45:36:293 Tx: #00034E2000019339
12:45:36:303 Rx: #00030200014444
12:45:36:801 Tx: #00030006000225DB
12:45:36:814 Rx: #000304000200004B33
12:45:37:430 Tx: #00034E2000019339
12:45:37:454 Rx: #00030200014444
12:45:37:513 Tx: #00030006000225DB
12:45:37:534 Rx: #000304000200004B33
12:45:37:539 Tx: #00034E2000019339
12:45:37:550 Rx: #00030200014444
12:45:38:050 Tx: #00030006000225DB
12:45:38:062 Rx: #000304000200004B33
12:45:38:068 Tx: #00034E2000019339
12:45:38:077 Rx: #00030200014444
12:45:38:590 Tx: #00030006000225DB
12:45:38:606 Rx: #000304000200004B33
12:45:38:611 Tx: #00034E2000019339
12:45:38:622 Rx: #00030200014444
12:45:39:128 Tx: #00030006000225DB
12:45:39:149 Rx: #000304000200004B33
12:45:39:155 Tx: #00034E2000019339
12:45:39:165 Rx: #00030200014444
12:45:39:668 Tx: #00030006000225DB
12:45:39:693 Rx: #000304000200004B33
12:45:39:698 Tx: #00034E2000019339
12:45:39:709 Rx: #00030200014444
12:45:40:205 Tx: #00030006000225DB
12:45:40:221 Rx: #000304000200004B33
12:45:40:226 Tx: #00034E2000019339
12:45:40:237 Rx: #00030200014444
12:45:40:746 Tx: #00030006000225DB
12:45:40:764 Rx: #000304000200004B33
12:45:40:772 Tx: #00034E2000019339
12:45:40:796 Rx: #00030200014444
12:45:41:298 Tx: #00030006000225DB
12:45:41:309 Rx: #000304000200004B33
12:45:41:315 Tx: #00034E2000019339
12:45:41:340 Rx: #00030200014444
12:45:41:855 Tx: #00030006000225DB
12:45:41:868 Rx: #000304000200004B33
12:45:41:874 Tx: #00034E2000019339
12:45:41:900 Rx: #00030200014444
12:45:42:411 Tx: #00030006000225DB
12:45:42:428 Rx: #000304000200004B33
12:45:42:434 Tx: #00034E2000019339
12:45:42:444 Rx: #00030200014444
12:45:42:952 Tx: #00030006000225DB
12:45:42:972 Rx: #000304000200004B33
12:45:42:978 Tx: #00034E2000019339
12:45:42:988 Rx: #00030200014444
12:45:43:490 Tx: #00030006000225DB
12:45:43:500 Rx: #000304000200004B33
12:45:43:506 Tx: #00034E2000019339
12:45:43:516 Rx: #00030200014444
12:45:44:029 Tx: #00030006000225DB
12:45:44:044 Rx: #000304000200004B33
12:45:44:049 Tx: #00034E2000019339
12:45:44:060 Rx: #00030200014444
12:45:44:566 Tx: #00030006000225DB
12:45:44:588 Rx: #000304000200004B33
12:45:44:595 Tx: #00034E2000019339
12:45:44:619 Rx: #00030200014444
12:45:45:123 Tx: #00030006000225DB
12:45:45:146 Rx: #000304000200004B33
12:45:45:153 Tx: #00034E2000019339
12:45:45:163 Rx: #00030200014444
12:45:45:677 Tx: #00030006000225DB
12:45:45:691 Rx: #000304000200004B33
12:45:45:697 Tx: #00034E2000019339
12:45:45:707 Rx: #00030200014444
12:45:46:216 Tx: #00030006000225DB
12:45:46:235 Rx: #000304000200004B33
12:45:46:241 Tx: #00034E2000019339
12:45:46:251 Rx: #00030200014444
12:45:46:754 Tx: #00030006000225DB
12:45:46:763 Rx: #000304000200004B33
12:45:46:769 Tx: #00034E2000019339
12:45:46:794 Rx: #00030200014444
12:45:47:308 Tx: #00030006000225DB
12:45:47:323 Rx: #000304000200004B33
12:45:47:328 Tx: #00034E2000019339
12:45:47:339 Rx: #00030200014444
12:45:47:846 Tx: #00030006000225DB
12:45:47:867 Rx: #000304000200004B33
12:45:47:873 Tx: #00034E2000019339
12:45:47:898 Rx: #00030200014444
12:45:48:398 Tx: #00030006000225DB
12:45:48:410 Rx: #000304000200004B33
12:45:48:416 Tx: #00034E2000019339
12:45:48:426 Rx: #00030200014444
12:45:48:939 Tx: #00030006000225DB
12:45:48:953 Rx: #000304000200004B33
12:45:48:960 Tx: #00034E2000019339
12:45:48:969 Rx: #00030200014444
12:45:49:476 Tx: #00030006000225DB
12:45:49:498 Rx: #000304000200004B33
12:45:49:503 Tx: #00034E2000019339
12:45:49:513 Rx: #00030200014444
12:45:50:017 Tx: #00030006000225DB
12:45:50:025 Rx: #000304000200004B33
12:45:50:031 Tx: #00034E2000019339
12:45:50:041 Rx: #00030200014444
12:45:50:556 Tx: #00030006000225DB
12:45:50:569 Rx: #000304000200004B33
12:45:50:575 Tx: #00034E2000019339
12:45:50:585 Rx: #00030200014444
12:45:51:094 Tx: #00030006000225DB
12:45:51:113 Rx: #000304000200004B33
12:45:51:119 Tx: #00034E2000019339
12:45:51:129 Rx: #00030200014444
12:45:51:633 Tx: #00030006000225DB
12:45:51:641 Rx: #000304000200004B33
12:45:51:646 Rx: #000304000200004B33
12:45:51:646 Tx: #00034E2000019339
12:45:51:653 Rx: #000304000200004B33
12:45:51:672 Rx: #00030200014444
12:45:52:156 Tx: #00030006000225DB
12:45:52:169 Rx: #000304000200004B33
12:45:52:175 Tx: #00034E2000019339
12:45:52:185 Rx: #00030200014444
12:45:52:698 Tx: #00030006000225DB
12:45:52:712 Rx: #000304000200004B33
12:45:52:718 Tx: #00034E2000019339
12:45:52:728 Rx: #00030200014444
12:45:53:239 Tx: #00030006000225DB
12:45:53:256 Rx: #000304000200004B33
12:45:53:262 Tx: #00034E2000019339
12:45:53:273 Rx: #00030200014444
12:45:53:779 Tx: #00030006000225DB
12:45:53:800 Rx: #000304000200004B33
12:45:53:806 Tx: #00034E2000019339
12:45:53:816 Rx: #00030200014444
12:45:54:492 Tx: #00030006000225DB
12:45:54:504 Rx: #000304000200004B33
12:45:54:510 Tx: #00034E2000019339
12:45:54:520 Rx: #00030200014444
12:45:55:031 Tx: #00030006000225DB
12:45:55:048 Rx: #000304000200004B33
12:45:55:053 Tx: #00034E2000019339
12:45:55:064 Rx: #00030200014444
12:45:55:570 Tx: #00030006000225DB
12:45:55:592 Rx: #000304000200004B33
12:45:55:597 Tx: #00034E2000019339
12:45:55:608 Rx: #00030200014444
12:45:56:110 Tx: #00030006000225DB
12:45:56:119 Rx: #000304000200004B33
12:45:56:125 Tx: #00034E2000019339
12:45:56:135 Rx: #00030200014444
12:45:56:649 Tx: #00030006000225DB
12:45:56:665 Rx: #000304000200004B33
12:45:56:671 Tx: #00034E2000019339
12:45:56:695 Rx: #00030200014444
12:45:57:206 Tx: #00030006000225DB
12:45:57:223 Rx: #000304000200004B33
12:45:57:229 Tx: #00034E2000019339
12:45:57:239 Rx: #00030200014444
12:45:57:742 Tx: #00030006000225DB
12:45:57:766 Rx: #000304000200004B33
12:45:57:772 Tx: #00034E2000019339
12:45:57:782 Rx: #00030200014444
12:45:58:298 Tx: #00030006000225DB
12:45:58:310 Rx: #000304000200004B33
12:45:58:315 Tx: #00034E2000019339
12:45:58:326 Rx: #00030200014444
12:45:58:836 Tx: #00030006000225DB
12:45:58:854 Rx: #000304000200004B33
12:45:59:466 Tx: #00034E2000019339
12:45:59:478 Rx: #00030200014444
12:45:59:534 Tx: #00030006000225DB
12:45:59:558 Rx: #000304000200004B33
12:45:59:565 Tx: #00034E2000019339
12:45:59:590 Rx: #00030200014444
12:46:00:092 Tx: #00030006000225DB
12:46:00:102 Rx: #000304000200004B33
12:46:00:108 Tx: #00034E2000019339
12:46:00:118 Rx: #00030200014444
12:46:00:123 Rx: #00030200014444
12:46:00:129 Rx: #00030200014444
12:46:00:632 Tx: #00030006000225DB
12:46:00:645 Rx: #000304000200004B33
12:46:00:651 Tx: #00034E2000019339
12:46:00:666 Rx: #00030200014444
12:46:01:173 Tx: #00030006000225DB
12:46:01:189 Rx: #000304000200004B33
12:46:01:195 Tx: #00034E2000019339
12:46:01:221 Rx: #00030200014444
12:46:01:725 Tx: #00030006000225DB
12:46:01:748 Rx: #000304000200004B33
12:46:01:755 Tx: #00034E2000019339
12:46:01:764 Rx: #00030200014444
12:46:02:280 Tx: #00030006000225DB
12:46:02:293 Rx: #000304000200004B33
12:46:02:299 Tx: #00034E2000019339
12:46:02:309 Rx: #00030200014444
12:46:02:818 Tx: #00030006000225DB
12:46:02:836 Rx: #000304000200004B33
12:46:02:842 Tx: #00034E2000019339
12:46:02:852 Rx: #00030200014444
12:46:03:356 Tx: #00030006000225DB
12:46:03:365 Rx: #000304000200004B33
12:46:03:370 Tx: #00034E2000019339
12:46:03:381 Rx: #00030200014444
12:46:03:896 Tx: #00030006000225DB
12:46:03:908 Rx: #000304000200004B33
12:46:03:914 Tx: #00034E2000019339
12:46:03:924 Rx: #00030200014444
12:46:04:438 Tx: #00030006000225DB
12:46:04:452 Rx: #000304000200004B33
12:46:04:458 Tx: #00034E2000019339
12:46:04:468 Rx: #00030200014444
12:46:04:979 Tx: #00030006000225DB
12:46:04:996 Rx: #000304000200004B33
12:46:05:002 Tx: #00034E2000019339
12:46:05:027 Rx: #00030200014444
12:46:05:535 Tx: #00030006000225DB
12:46:05:556 Rx: #000304000200004B33
12:46:05:562 Tx: #00034E2000019339
12:46:05:571 Rx: #00030200014444
12:46:06:071 Tx: #00030006000225DB
12:46:06:083 Rx: #000304000200004B33
12:46:06:089 Tx: #00034E2000019339
12:46:06:099 Rx: #00030200014444
12:46:06:611 Tx: #00030006000225DB
12:46:06:627 Rx: #000304000200004B33
12:46:06:633 Tx: #00034E2000019339
12:46:06:643 Rx: #00030200014444
12:46:07:149 Tx: #00030006000225DB
12:46:07:171 Rx: #000304000200004B33
12:46:07:177 Tx: #00034E2000019339
12:46:07:187 Rx: #00030200014444
12:46:07:685 Tx: #00030006000225DB
12:46:07:698 Rx: #000304000200004B33
12:46:07:704 Tx: #00034E2000019339
12:46:07:714 Rx: #00030200014444
12:46:08:225 Tx: #00030006000225DB
12:46:08:243 Rx: #000304000200004B33
12:46:08:249 Tx: #00034E2000019339
12:46:08:275 Rx: #00030200014444
12:46:08:777 Tx: #00030006000225DB
12:46:08:787 Rx: #000304000200004B33
12:46:08:793 Tx: #00034E2000019339
12:46:08:818 Rx: #00030200014444
12:46:09:332 Tx: #00030006000225DB
12:46:09:346 Rx: #000304000200004B33
12:46:09:351 Tx: #00034E2000019339
12:46:09:362 Rx: #00030200014444
12:46:09:873 Tx: #00030006000225DB
12:46:09:890 Rx: #000304000200004B33
12:46:09:896 Tx: #00034E2000019339
12:46:09:906 Rx: #00030200014444
12:46:10:416 Tx: #00030006000225DB
12:46:10:434 Rx: #000304000200004B33
12:46:10:439 Tx: #00034E2000019339
12:46:10:451 Rx: #00030200014444
12:46:10:952 Tx: #00030006000225DB
12:46:10:961 Rx: #000304000200004B33
12:46:10:966 Tx: #00034E2000019339
12:46:10:977 Rx: #00030200014444
12:46:11:493 Tx: #00030006000225DB
12:46:11:506 Rx: #000304000200004B33
12:46:12:121 Tx: #00034E2000019339
12:46:12:145 Rx: #00030200014444
12:46:12:207 Tx: #00030006000225DB
12:46:12:226 Rx: #000304000200004B33
12:46:12:233 Tx: #00034E2000019339
12:46:12:257 Rx: #00030200014444
12:46:12:762 Tx: #00030006000225DB
12:46:12:785 Rx: #000304000200004B33
12:46:12:792 Tx: #00034E2000019339
12:46:12:817 Rx: #00030200014444
12:46:13:270 Tx: #00030006000225DB
12:46:13:281 Rx: #000304000200004B33
12:46:13:287 Tx: #00034E2000019339
12:46:13:297 Rx: #00030200014444
12:46:13:808 Tx: #00030006000225DB
12:46:13:824 Rx: #000304000200004B33
12:46:13:830 Tx: #00034E2000019339
12:46:13:840 Rx: #00030200014444
12:46:14:345 Tx: #00030006000225DB
12:46:14:369 Rx: #000304000200004B33
12:46:14:376 Tx: #00034E2000019339
12:46:14:401 Rx: #00030200014444
12:46:14:851 Tx: #00030006000225DB
12:46:14:865 Rx: #000304000200004B33
12:46:14:871 Tx: #00034E2000019339
12:46:14:881 Rx: #00030200014444
12:46:15:391 Tx: #00030006000225DB
12:46:15:408 Rx: #000304000200004B33
12:46:15:414 Tx: #00034E2000019339
12:46:15:424 Rx: #00030200014444
12:46:15:933 Tx: #00030006000225DB
12:46:15:952 Rx: #000304000200004B33
12:46:15:958 Tx: #00034E2000019339
12:46:15:983 Rx: #00030200014444
12:46:16:486 Tx: #00030006000225DB
12:46:16:495 Rx: #000304000200004B33
12:46:16:503 Tx: #00034E2000019339
12:46:16:527 Rx: #00030200014444
12:46:17:044 Tx: #00030006000225DB
12:46:17:055 Rx: #000304000200004B33
12:46:17:061 Tx: #00034E2000019339
12:46:17:071 Rx: #00030200014444
12:46:17:580 Tx: #00030006000225DB
12:46:17:599 Rx: #000304000200004B33
12:46:17:605 Tx: #00034E2000019339
12:46:17:615 Rx: #00030200014444
12:46:18:119 Tx: #00030006000225DB
12:46:18:143 Rx: #000304000200004B33
12:46:18:150 Tx: #00034E2000019339
12:46:18:159 Rx: #00030200014444
12:46:18:655 Tx: #00030006000225DB
12:46:18:670 Rx: #000304000200004B33
12:46:18:677 Tx: #00034E2000019339
12:46:18:686 Rx: #00030200014444
12:46:18:692 Rx: #00030200014444
12:46:18:698 Rx: #00030200014444
12:46:19:191 Tx: #00030006000225DB
12:46:19:214 Rx: #000304000200004B33
12:46:19:220 Tx: #00034E2000019339
12:46:19:231 Rx: #00030200014444
12:46:19:730 Tx: #00030006000225DB
12:46:19:743 Rx: #000304000200004B33
12:46:19:749 Tx: #00034E2000019339
12:46:19:774 Rx: #00030200014444
12:46:20:286 Tx: #00030006000225DB
12:46:20:302 Rx: #000304000200004B33
12:46:20:308 Tx: #00034E2000019339
12:46:20:334 Rx: #00030200014444
12:46:20:841 Tx: #00030006000225DB
12:46:20:862 Rx: #000304000200004B33
12:46:20:867 Tx: #00034E2000019339
12:46:20:878 Rx: #00030200014444
12:46:21:382 Tx: #00030006000225DB
12:46:21:405 Rx: #000304000200004B33
12:46:21:412 Tx: #00034E2000019339
12:46:21:421 Rx: #00030200014444
12:46:21:931 Tx: #00030006000225DB
12:46:21:950 Rx: #000304000200004B33
12:46:21:956 Tx: #00034E2000019339
12:46:21:966 Rx: #00030200014444
12:46:22:466 Tx: #00030006000225DB
12:46:22:478 Rx: #000304000200004B33
12:46:22:484 Tx: #00034E2000019339
12:46:22:494 Rx: #00030200014444
12:46:23:008 Tx: #00030006000225DB
12:46:23:021 Rx: #000304000200004B33
12:46:23:027 Tx: #00034E2000019339
12:46:23:038 Rx: #00030200014444
12:46:23:547 Tx: #00030006000225DB
12:46:23:565 Rx: #000304000200004B33
12:46:23:571 Tx: #00034E2000019339
12:46:23:581 Rx: #00030200014444
12:46:24:083 Tx: #00030006000225DB
12:46:24:093 Rx: #000304000200004B33
12:46:24:098 Tx: #00034E2000019339
12:46:24:109 Rx: #00030200014444
12:46:24:624 Tx: #00030006000225DB
12:46:24:637 Rx: #000304000200004B33
12:46:24:642 Tx: #00034E2000019339
12:46:24:653 Rx: #00030200014444
12:46:25:162 Tx: #00030006000225DB
12:46:25:180 Rx: #000304000200004B33
12:46:25:185 Tx: #00034E2000019339
12:46:25:196 Rx: #00030200014444
12:46:25:699 Tx: #00030006000225DB
12:46:25:708 Rx: #000304000200004B33
12:46:25:714 Tx: #00034E2000019339
12:46:25:724 Rx: #00030200014444
12:46:26:220 Tx: #00030006000225DB
12:46:26:236 Rx: #000304000200004B33
12:46:26:242 Tx: #00034E2000019339
12:46:26:268 Rx: #00030200014444
12:46:26:774 Tx: #00030006000225DB
12:46:26:796 Rx: #000304000200004B33
12:46:26:802 Tx: #00034E2000019339
12:46:26:812 Rx: #00030200014444
12:46:27:314 Tx: #00030006000225DB
12:46:27:323 Rx: #000304000200004B33
12:46:27:329 Tx: #00034E2000019339
12:46:27:340 Rx: #00030200014444
12:46:27:853 Tx: #00030006000225DB
12:46:27:867 Rx: #000304000200004B33
12:46:27:873 Tx: #00034E2000019339
12:46:27:883 Rx: #00030200014444
12:46:28:392 Tx: #00030006000225DB
12:46:28:411 Rx: #000304000200004B33
12:46:28:418 Tx: #00034E2000019339
12:46:28:443 Rx: #00030200014444
12:46:29:116 Tx: #00030006000225DB
12:46:29:130 Rx: #000304000200004B33
12:46:29:136 Tx: #00034E2000019339
12:46:29:146 Rx: #00030200014444
12:46:29:654 Tx: #00030006000225DB
12:46:29:674 Rx: #000304000200004B33
12:46:29:680 Tx: #00034E2000019339
12:46:29:690 Rx: #00030200014444
12:46:30:192 Tx: #00030006000225DB
12:46:30:203 Rx: #000304000200004B33
12:46:30:210 Tx: #00034E2000019339
12:46:30:235 Rx: #00030200014444
12:46:30:748 Tx: #00030006000225DB
12:46:30:762 Rx: #000304000200004B33
12:46:30:768 Tx: #00034E2000019339
12:46:30:778 Rx: #00030200014444
12:46:31:289 Tx: #00030006000225DB
12:46:31:306 Rx: #000304000200004B33
12:46:31:312 Tx: #00034E2000019339
12:46:31:930 Rx: #00030200014444
12:46:31:988 Tx: #00030006000225DB
12:46:32:010 Rx: #000304000200004B33
12:46:32:016 Tx: #00034E2000019339
12:46:32:026 Rx: #00030200014444
12:46:32:527 Tx: #00030006000225DB
12:46:32:537 Rx: #000304000200004B33
12:46:32:544 Tx: #00034E2000019339
12:46:32:553 Rx: #00030200014444
12:46:33:068 Tx: #00030006000225DB
12:46:33:081 Rx: #000304000200004B33
12:46:33:087 Tx: #00034E2000019339
12:46:33:097 Rx: #00030200014444
12:46:33:606 Tx: #00030006000225DB
12:46:33:626 Rx: #000304000200004B33
12:46:33:633 Tx: #00034E2000019339
12:46:33:657 Rx: #00030200014444
12:46:34:156 Tx: #00030006000225DB
12:46:34:169 Rx: #000304000200004B33
12:46:34:174 Tx: #00034E2000019339
12:46:34:185 Rx: #00030200014444
12:46:34:695 Tx: #00030006000225DB
12:46:34:713 Rx: #000304000200004B33
12:46:34:719 Tx: #00034E2000019339
12:46:34:729 Rx: #00030200014444
12:46:35:237 Tx: #00030006000225DB
12:46:35:257 Rx: #000304000200004B33
12:46:35:263 Tx: #00034E2000019339
12:46:35:273 Rx: #00030200014444
12:46:35:279 Rx: #00030200014444
12:46:35:285 Rx: #00030200014444
12:46:35:775 Tx: #00030006000225DB
12:46:35:784 Rx: #000304000200004B33
12:46:35:790 Tx: #00034E2000019339
12:46:35:816 Rx: #00030200014444
12:46:36:326 Tx: #00030006000225DB
12:46:36:344 Rx: #000304000200004B33
12:46:36:350 Tx: #00034E2000019339
12:46:36:360 Rx: #00030200014444
12:46:36:863 Tx: #00030006000225DB
12:46:36:871 Rx: #000304000200004B33
12:46:36:878 Tx: #00034E2000019339
12:46:36:887 Rx: #00030200014444
12:46:37:402 Tx: #00030006000225DB
12:46:37:416 Rx: #000304000200004B33
12:46:37:422 Tx: #00034E2000019339
12:46:37:431 Rx: #00030200014444
12:46:37:942 Tx: #00030006000225DB
12:46:37:959 Rx: #000304000200004B33
12:46:37:965 Tx: #00034E2000019339
12:46:37:975 Rx: #00030200014444
12:46:38:479 Tx: #00030006000225DB
12:46:38:487 Rx: #000304000200004B33
12:46:38:492 Rx: #000304000200004B33
12:46:38:492 Tx: #00034E2000019339
12:46:38:499 Rx: #000304000200004B33
12:46:38:520 Rx: #00030200014444
12:46:39:003 Tx: #00030006000225DB
12:46:39:015 Rx: #000304000200004B33
12:46:39:021 Tx: #00034E2000019339
12:46:39:031 Rx: #00030200014444
12:46:39:544 Tx: #00030006000225DB
12:46:39:559 Rx: #000304000200004B33
12:46:39:565 Tx: #00034E2000019339
12:46:39:575 Rx: #00030200014444
12:46:40:076 Tx: #00030006000225DB
12:46:40:087 Rx: #000304000200004B33
12:46:40:092 Tx: #00034E2000019339
12:46:40:103 Rx: #00030200014444
12:46:40:610 Tx: #00030006000225DB
12:46:40:631 Rx: #000304000200004B33
12:46:40:635 Tx: #00034E2000019339
12:46:40:646 Rx: #00030200014444
12:46:41:148 Tx: #00030006000225DB
12:46:41:158 Rx: #000304000200004B33
12:46:41:164 Tx: #00034E2000019339
12:46:41:174 Rx: #00030200014444
12:46:41:688 Tx: #00030006000225DB
12:46:41:702 Rx: #000304000200004B33
12:46:41:709 Tx: #00034E2000019339
12:46:41:734 Rx: #00030200014444
12:46:42:241 Tx: #00030006000225DB
12:46:42:262 Rx: #000304000200004B33
12:46:42:269 Tx: #00034E2000019339
12:46:42:294 Rx: #00030200014444
12:46:42:747 Tx: #00030006000225DB
12:46:42:758 Rx: #000304000200004B33
12:46:42:764 Tx: #00034E2000019339
12:46:42:790 Rx: #00030200014444
12:46:43:303 Tx: #00030006000225DB
12:46:43:318 Rx: #000304000200004B33
12:46:43:328 Tx: #00034E2000019339
12:46:43:350 Rx: #00030200014444
12:46:43:857 Tx: #00030006000225DB
12:46:48:868 Tx: #00030006000225DB
12:46:53:889 Tx: #00030006000225DB
12:46:58:913 Tx: #00030006000225DB
12:47:03:929 Tx: #00030006000225DB
12:47:08:947 Tx: #00030006000225DB
12:47:13:966 Tx: #00030006000225DB
12:47:18:982 Tx: #00030006000225DB
12:47:24:008 Tx: #00030006000225DB
12:47:29:035 Tx: #00030006000225DB
12:47:34:053 Tx: #00030006000225DB
12:47:39:068 Tx: #00030006000225DB
12:47:44:093 Tx: #00030006000225DB
12:47:49:119 Tx: #00030006000225DB
12:47:54:137 Tx: #00030006000225DB
12:47:59:156 Tx: #00030006000225DB
12:48:04:781 Tx: #00030006000225DB
12:48:09:794 Tx: #00030006000225DB
12:48:14:814 Tx: #00030006000225DB
12:48:19:833 Tx: #00030006000225DB
